song_uuid,album_uuid,track_number,song_title,song_singers,song_rating,youtube_url,music_yt_url_1,music_yt_url_2,music_yt_url_3
c7c7c871-380e-58d3-b47e-9deff3af5fa9,a480554b-c237-5310-a0db-1e8a27d02a70,1,Bezubaan Phir Se (Bezubaan Kab Se Main Raha),"Vishal Dadlani, Anushka Manchanda, Madhav Krishna",4.33,https://www.youtube.com/watch?v=xutBFUf3LoU,https://music.youtube.com/watch?v=2GnU75ei_W4,https://music.youtube.com/watch?v=Zhb5_y2KNEw,https://music.youtube.com/watch?v=Rx_sxIPbFig
fe08c0e2-d5f8-55b0-9c82-080651af4eb8,abd7993f-0172-5f5d-ba41-f833859c0399,1,Jee Karda,Divya Kumar,4.5,https://www.youtube.com/watch?v=VAJK04HOLd0,https://music.youtube.com/watch?v=VAJK04HOLd0,https://music.youtube.com/watch?v=Jo-R_DYhrQM,https://music.youtube.com/watch?v=Zzovc1H0kL8
3b906a52-1a7b-5d6a-b226-dff12adcb40f,abd7993f-0172-5f5d-ba41-f833859c0399,2,Jeena Jeena,Atif Aslam,4.5,https://www.youtube.com/watch?v=ziTHTlmPdhQ,https://music.youtube.com/watch?v=zFdi834FiZ4,https://music.youtube.com/watch?v=EO5mkPwoO_M,https://music.youtube.com/watch?v=4LGO2ym31Vw
728d260f-9de1-56e3-bfbc-70df5f88a609,abd7993f-0172-5f5d-ba41-f833859c0399,4,Judaai (Chadariya Jhini Re Jhini),"Rekha Bhardwaj, Arijit Singh",4.6,https://www.youtube.com/watch?v=f7dd7aojpUY,https://music.youtube.com/watch?v=f7dd7aojpUY,https://music.youtube.com/watch?v=-2K0-RwxVIE,https://music.youtube.com/watch?v=t2VaF0ZX65w
90b9bd2b-1625-508f-b6bd-1cda3f38d67d,186faea1-2a43-5f87-a4be-8f0a29258692,2,Aayat Ki Tarah,Arijit Singh,4.5,https://www.youtube.com/watch?v=85LA5CKMW_I,https://music.youtube.com/watch?v=vKDsAB1ccn0,https://music.youtube.com/watch?v=ovvUuC0nw2k,
b036e62a-0a48-55a8-9fc4-ce1a6ec5909f,186faea1-2a43-5f87-a4be-8f0a29258692,4,Mohe Rang Do Laal,"Birju Maharaj, Shreya Ghoshal",4.8,https://www.youtube.com/watch?v=UoNnDIu9xQ4,https://music.youtube.com/watch?v=XU3eFkY1BTI,https://music.youtube.com/watch?v=XCf1vEH6bKI,https://music.youtube.com/watch?v=L-blmZxRgJk
dfee7b3f-76dd-5d38-a388-9bddac5b4acb,186faea1-2a43-5f87-a4be-8f0a29258692,5,Albela Sajan Aayo Ri,"Kanika Joshi, Rashi Raagga, Geetikka Manjrekar, Shashi Suman, Kunal Pandit, Prithvi Gandharv",4.5,https://www.youtube.com/watch?v=s36IMcNP8vo,https://music.youtube.com/watch?v=SLCnY8qn1S8,https://music.youtube.com/watch?v=QXAoXAOopuQ,https://music.youtube.com/watch?v=s36IMcNP8vo
aadd4d57-3c97-546e-a655-72352c0a6e7a,186faea1-2a43-5f87-a4be-8f0a29258692,8,Aaj Ibaadat Roobaroo Ho Gayi (Mere Maula Tera Shukriya),Javed Bashir,4.67,https://www.youtube.com/watch?v=jvYNKUqMK_g,https://music.youtube.com/watch?v=jvYNKUqMK_g,https://music.youtube.com/watch?v=Jq_kT_tTco0,https://music.youtube.com/watch?v=v2Ao15rMIpg
c2f0c67d-5c7e-5d2e-b11e-95e868c6315c,be2e52d9-a791-569b-8317-623ee2afa379,1,Hey Aam Hindustani Teri Kismat Kharab Hai,Shefali Alvares,4.33,https://www.youtube.com/watch?v=WH80GPVBLLs,https://music.youtube.com/watch?v=U5tjrnXL6D8,,
0aab99bd-5deb-5ff8-94f2-e34030f9a570,be2e52d9-a791-569b-8317-623ee2afa379,2,Mohabbat Buri Bimari - 1,Neeti Mohan,4.5,https://www.youtube.com/watch?v=U5tjrnXL6D8,https://music.youtube.com/watch?v=xZYoxb3w2V0,https://music.youtube.com/watch?v=e-MNLzGL1eQ,https://music.youtube.com/watch?v=AJtNFbZYjUY
4f823a0b-f6d4-53e5-8446-25f9f5784b88,be2e52d9-a791-569b-8317-623ee2afa379,5,Dhadkanen Goonjti Dhadaam Dhadaam,Neeti Mohan,4.5,https://www.youtube.com/watch?v=eV4ItiYXGKM,https://music.youtube.com/watch?v=eV4ItiYXGKM,,
9e658b75-7e45-510f-b844-acb0f3bfd149,be2e52d9-a791-569b-8317-623ee2afa379,8,Bas Darwaze Pe Ek Darbaan Hai,Papon,4.33,https://www.youtube.com/watch?v=-uCPiHCr8kE,https://music.youtube.com/watch?v=ulevc5RjTG4,,
0abdd15a-c642-51c0-b6b5-11ef4d0f1a78,a2773742-31f2-5593-9dee-6c8acf0bfcc6,3,Sapna Jahan Dastak Na De,"Neeti Mohan, Sonu Nigam",4.6,https://www.youtube.com/watch?v=lHJp_3g2MAI,https://music.youtube.com/watch?v=Hqajq5jKX10,https://music.youtube.com/watch?v=4_jaUTEK0HM,
28566ed9-eb7b-5bba-b815-fcf5a305d75a,b5b344d7-e88d-5358-82c5-a4646629dbeb,1,Rang De Tu Mohe Gerua,"Arijit Singh, Antara Mitra",4.33,https://www.youtube.com/watch?v=AEIVhBS6baE,https://music.youtube.com/watch?v=reBEkYrqMhA,,
fd1b01c0-da88-573d-ba52-d7fde6838014,b5b344d7-e88d-5358-82c5-a4646629dbeb,3,Janam Janam Janam Saath Chalna Yun Hi,"Arijit Singh, Antara Mitra",4.33,https://www.youtube.com/watch?v=cgmhimjsczk,https://music.youtube.com/watch?v=DsWmEF-NjWU,https://music.youtube.com/watch?v=5rHzi_5rSyw,https://music.youtube.com/watch?v=7KuDBVO8OY0
ce571d6a-e8b6-5763-8be3-3be4023f55f1,29501d79-7be8-5370-a45e-952168da4557,1,Yeh Moh Moh Ke Dhaage (Male),Papon,4.67,https://www.youtube.com/watch?v=T-8vVY-IECk,https://music.youtube.com/watch?v=T-8vVY-IECk,https://music.youtube.com/watch?v=ksBkPJGBk60,https://music.youtube.com/watch?v=AUUel0GmVgI
3186d85f-993e-57ed-9b1c-f29b92a58a4a,29501d79-7be8-5370-a45e-952168da4557,6,Yeh Moh Moh Ke Dhaage (Female),Monali Thakur,4.5,https://www.youtube.com/watch?v=JbDktrsnH40,https://music.youtube.com/watch?v=JbDktrsnH40,https://music.youtube.com/watch?v=Lzuoe8PtzIs,https://music.youtube.com/watch?v=8giVNxBO00Y
d6f7f545-0a2b-541b-83ff-482e21661757,3a23548f-2a26-5b6a-8441-527552d67e2e,1,Hamari Adhuri Kahani,Arijit Singh,4.5,https://www.youtube.com/watch?v=f3FFOBrMmdg,https://music.youtube.com/watch?v=sVRwZEkXepg,https://music.youtube.com/watch?v=idfnGJ5_ZFQ,https://music.youtube.com/watch?v=4eIl6t6oqhc
2fd968a9-bebd-5d27-bb16-b364191aa83a,b72b793e-8556-50cb-aa4d-4e949af4c3d3,1,Tu Kisi Rail Si Guzarti Hai,Swanand Kirkire,4.33,https://www.youtube.com/watch?v=zpf8hrbT2d0,https://music.youtube.com/watch?v=nLdIt92oM5c,https://music.youtube.com/watch?v=bKyhc18RCho,https://music.youtube.com/watch?v=qt9u034aZMI
6a175557-9f50-53d0-9d5b-d3167056d8bd,151e2e8f-bc9a-5f7f-9a04-af4d6853f4e7,2,Saanware (Pehle Kyun Naa Mile Hum),Arijit Singh,4.5,https://www.youtube.com/watch?v=RguA0jevrAc,https://music.youtube.com/watch?v=KptF_0yWr_Q,https://music.youtube.com/watch?v=jdxM0w253Gg,
dfb3aabd-76a0-5122-9b62-83d6df9c49d4,bbc9a068-44b0-5051-9f1c-15eddcdb48b0,4,Piku,Sunidhi Chauhan,4.33,https://www.youtube.com/watch?v=Sg0seV_HLao,https://music.youtube.com/watch?v=Sg0seV_HLao,https://music.youtube.com/watch?v=gLyVJZRIV8I,
b1794c05-45bc-51bc-ba85-3d6043ce0482,85e88d5f-7256-56dd-aa79-276fbd022423,1,Sooraj Dooba Hai Yaaro,"Arijit Singh, Aditi Singh Sharma",4.5,https://www.youtube.com/watch?v=nJZcbidTutE,https://music.youtube.com/watch?v=nJZcbidTutE,https://music.youtube.com/watch?v=kbvceIA2Lz4,https://music.youtube.com/watch?v=gZL0pXq8c2s
14a2bd66-6305-5ede-8ed0-67f82d95f8cf,62f649e1-0732-5572-a57c-81623896e4ba,2,Gulaabo Zara Gandh Phaila Do,"Vishal Dadlani, Anusha Mani",4.6,https://www.youtube.com/watch?v=bUTdUaVmj8o,https://music.youtube.com/watch?v=SQcZ3__0MfY,,
b88cd049-af81-5a74-88ca-542058cb1167,007d818a-3347-516b-98a9-57b18595938e,1,Matargashti,Mohit Chauhan,4.4,https://www.youtube.com/watch?v=6vKucgAeF_Q,https://music.youtube.com/watch?v=Vkcki2dRCxM,https://music.youtube.com/watch?v=UFIV8ELiQvU,https://music.youtube.com/watch?v=6vKucgAeF_Q
d2c15654-bf45-576d-8077-c8d4cdc75f82,007d818a-3347-516b-98a9-57b18595938e,3,Agar Tum Saath Ho,"Arijit Singh, Alka Yagnik",4.62,https://www.youtube.com/watch?v=xRb8hxwN5zc,https://music.youtube.com/watch?v=6AcUmOGMnak,https://music.youtube.com/watch?v=UXvQ_qsaYio,https://music.youtube.com/watch?v=h51jONgauWc
e4c6c194-afd7-5cf7-99f9-1c1f2dc674fe,7df917f5-208d-5073-8e42-fbe3323985e7,1,Banno Tera Swagger Laage Sexy,"Brijesh Shandilya, Swati Sharrma",4.5,https://www.youtube.com/watch?v=Oju9kp8tLpY,https://music.youtube.com/watch?v=jWlYd8CfuDI,https://music.youtube.com/watch?v=o9PQSGc2Ris,
4dc158e5-25d5-5670-998b-9c6d4308c168,7df917f5-208d-5073-8e42-fbe3323985e7,7,Ho Gaya Hai Pyar Tumse,Dev Negi,4.33,https://www.youtube.com/watch?v=K7b3e5ALYo4,https://music.youtube.com/watch?v=JNrI0LUnTqg,https://music.youtube.com/watch?v=W6IjJFJh_s0,https://music.youtube.com/watch?v=3jItyB445EM
a3c03ee6-555c-52b9-b7b2-6f0c1b11e092,0aa1107a-9a1b-55a7-aae3-6c7fc591ca30,1,Ae Dil Hai Mushkil (Tu Safar Mera),Arijit Singh,4.67,https://www.youtube.com/watch?v=vUCM_0evdQY,https://music.youtube.com/watch?v=6FURuLYrR_Q,https://music.youtube.com/watch?v=uw1FRJauvtE,https://music.youtube.com/watch?v=E3PtGqeQmTo
76c78bbc-bc2d-5d81-93e6-598b681f9b3a,0aa1107a-9a1b-55a7-aae3-6c7fc591ca30,2,Raanjhan De Yaar Bulleya,"Amit Mishra, Shilpa Rao",4.4,https://www.youtube.com/watch?v=hXh35CtnSyU,https://music.youtube.com/watch?v=vrqFJ-yjkRw,,
31bfff2e-1c6f-5d44-bf74-d07d373bd076,0aa1107a-9a1b-55a7-aae3-6c7fc591ca30,3,Channa Mereya,Arijit Singh,4.75,https://www.youtube.com/watch?v=284Ov7ysmfA,https://music.youtube.com/watch?v=2Poa5O5Inyw,https://music.youtube.com/watch?v=2hm3xhJdXsw,https://music.youtube.com/watch?v=GZYP1ZjY498
46bfbabb-6482-5f94-876c-8d2c92253307,44b6cc83-7149-5330-beec-35a6a7d91814,6,Mainu Kaala Chashma Jachda Ey,"Amar Arshi, Badshah, Neha Kakkar, Indeep Bakshi",4.5,https://www.youtube.com/watch?v=4WRJHbL4dAk,https://music.youtube.com/watch?v=CK5dtbG19mo,,
a5acf7ab-7a19-5849-a1a6-3d7b83f142f0,f6295942-cafe-5d64-8659-0f9f6a851433,1,Love You Zindagi,Jasleen Kaur Royal,4.4,https://www.youtube.com/watch?v=bw7bVpI5VcM,https://music.youtube.com/watch?v=bw7bVpI5VcM,https://music.youtube.com/watch?v=nBcKS3dhe5U,https://music.youtube.com/watch?v=LcMT9trxH0g
c8cd421f-b43b-5fcb-8faf-6fba5d7b8fd0,f6295942-cafe-5d64-8659-0f9f6a851433,3,Taareefon Se Nahin Tu Maanane Wali,Arijit Singh,4.33,https://www.youtube.com/watch?v=ig1qW8pqK9E,https://music.youtube.com/watch?v=pRfv2mEFsic,,
e7339c2d-6e3c-53f6-b50a-4abe77867ad3,67c9040e-e353-50c8-92b5-e51d7d84a03d,1,Yeh Fitoor Mera (Parwardigara),Arijit Singh,4.75,https://www.youtube.com/watch?v=ccw-bhwtLTw,https://music.youtube.com/watch?v=Zkqhiil2kSo,https://music.youtube.com/watch?v=njOwOpZKxSE,https://music.youtube.com/watch?v=upfhBd47aog
6286aec7-5123-5ff2-b946-853008cb0723,67c9040e-e353-50c8-92b5-e51d7d84a03d,2,Pashmina Dhaagon Ke Sang,Amit Trivedi,4.5,https://www.youtube.com/watch?v=uxTXp0-iZrY,https://music.youtube.com/watch?v=6q3NVJYAJdY,,
3b804ba6-f8d5-5e17-8894-d60f1ae75982,67c9040e-e353-50c8-92b5-e51d7d84a03d,4,Hone Do Batiyan,"Nandini Srikar, Zeb Bangash",4.5,https://www.youtube.com/watch?v=C1jgfpUZFd4,https://music.youtube.com/watch?v=dn6ot3fcd0U,https://music.youtube.com/watch?v=R28NWvwBDTc,https://music.youtube.com/watch?v=H1_Dm3pujhc
af1d6364-22ed-53d2-9cb4-5e3b4f48a9bd,d6a14b67-9c53-50d5-9fa6-fa7b2e79d1bd,1,Kar Gayi Chull,"Fazilpuria, Neha Kakkar, Sukriti Kakar, Badshah",4.4,https://www.youtube.com/watch?v=-sWXx1mbgtU,https://music.youtube.com/watch?v=nqsBspRl5Ok,https://music.youtube.com/watch?v=iwlUeXLPvf0,
224037b2-4c49-5577-bfec-6f56d63f249e,980efbc8-c8b4-5eff-bde9-cfefade2c6ad,1,Besabriyaan,Armaan Malik,4.33,https://www.youtube.com/watch?v=UBBHpoW3AKA,https://music.youtube.com/watch?v=Dorfmg7buTE,https://music.youtube.com/watch?v=icRYTYahpOk,https://music.youtube.com/watch?v=r7RfITNWats
061947fb-b300-5c09-9985-445621dd709d,25063d04-66f7-548f-af66-0ea33b8e17c8,7,Aave Re Hichki,"Mame Khan, Shankar Mahadevan",4.6,https://www.youtube.com/watch?v=BPA_O7auSFc,https://music.youtube.com/watch?v=o7kVR30r0mI,https://music.youtube.com/watch?v=5fEYIGmJ02M,https://music.youtube.com/watch?v=j2moTDbXNFI
9b4be1c6-f519-5a8d-8c50-0335cee25fb2,25063d04-66f7-548f-af66-0ea33b8e17c8,9,Ishq Mein Hota Hai (Tun Tuna),"Nooran Sisters, Sain Zahoor, Akhtar Chinnal, Daler Mehndi",4.5,https://www.youtube.com/watch?v=bIV_vqtu4to,https://music.youtube.com/watch?v=JEHHTxNBNxc,https://music.youtube.com/watch?v=Ek4gYWP4cdA,
85d9c5bf-0fa5-5f14-b448-4dd883dad128,c997bfe8-902b-5539-9963-19002231f9a2,1,Chitta Ve (Udta Punjab),"Babu Haabi, Bhanu Pratap, Shahid Mallya",4.5,https://www.youtube.com/watch?v=BH_i6bIaI9E,https://music.youtube.com/watch?v=D4x2x2WA2pQ,https://music.youtube.com/watch?v=FuNdx2Jjqrw,https://music.youtube.com/watch?v=x8ydCKNPCcc
1cdf64b1-57e0-54ac-afef-7d4af121df65,c997bfe8-902b-5539-9963-19002231f9a2,2,Darr Da Da Dasse,"Kanika Kapoor, Babu Haabi",4.5,https://www.youtube.com/watch?v=5IdGjLg6m5Q,https://music.youtube.com/watch?v=lCaFtzOQU8U,https://music.youtube.com/watch?v=biRzkKpaBrI,https://music.youtube.com/watch?v=siqrilVzjNw
8bc3fdcd-6db2-57e9-b513-dc68d1b2ade7,c997bfe8-902b-5539-9963-19002231f9a2,3,Ikk Kudi Jida Naam Mohabbat Gum Hai,Shahid Mallya,4.5,https://www.youtube.com/watch?v=cyKZXbxx2lc,https://music.youtube.com/watch?v=JvJXEfMLF2k,https://music.youtube.com/watch?v=rd1XFO3pQGk,https://music.youtube.com/watch?v=pAMksXUJjGs
6592d088-eeec-50e4-b5b6-b164c9158f14,c997bfe8-902b-5539-9963-19002231f9a2,4,Ud-Daa Punjab,"Vishal Dadlani, Amit Trivedi",4.5,https://www.youtube.com/watch?v=Ezsb5afVXQQ,https://music.youtube.com/watch?v=6LvetBbpT7E,https://music.youtube.com/watch?v=AV6HMdxnMJc,https://music.youtube.com/watch?v=xnOUGkqOJwE
862f6ab6-ed48-52f2-9361-32926b403f7e,29660b61-382a-510a-ad48-c760c0a57fe7,5,Bandook Meri Laila,"Ash King, Jigar Saraiya, Raftaar, Siddharth Malhotra",4.33,https://www.youtube.com/watch?v=HP0L_U8buwY,https://music.youtube.com/watch?v=wdxebKzUfIM,https://music.youtube.com/watch?v=ruRHmXGCpAE,https://music.youtube.com/watch?v=HP0L_U8buwY
f2b6b31b-8a24-57b0-aabe-25000ec1e929,83343e8c-609c-5aab-a4b4-2220dd48230c,2,Yeh Barfani Raaten Pighal Jane Do (Male),Armaan Malik,4.33,https://www.youtube.com/watch?v=LzETSqumgCY,https://music.youtube.com/watch?v=LzETSqumgCY,https://music.youtube.com/watch?v=YHoywX9bGPI,https://music.youtube.com/watch?v=LTll-WSzsTc
7db64aeb-6ba4-5b72-8946-71ed06f90c09,57270065-ef0e-5bc7-a47b-588103a6de5e,3,Safar Ka Hi Tha Main Safar Ka Raha,Arijit Singh,4.5,https://www.youtube.com/watch?v=xORB1S9YvP8,https://music.youtube.com/watch?v=xORB1S9YvP8,,
3b5d76d8-6336-5083-a5e1-418b06991317,57270065-ef0e-5bc7-a47b-588103a6de5e,5,Le Jaye Jaane Kahan Hawayein Hawayein,Arijit Singh,4.67,https://www.youtube.com/watch?v=cs1e0fRyI18,https://music.youtube.com/watch?v=ii9KLQoV78I,,
a7b8d1bb-faad-54e5-8fe2-851815c134b6,57270065-ef0e-5bc7-a47b-588103a6de5e,7,Khaali Hai Jo Tere Bina Main Woh Ghar Hoon Tera,"Nikhita Gandhi, Mohit Chauhan",4.67,https://www.youtube.com/watch?v=xmz_8VX12U8,https://music.youtube.com/watch?v=zVrQUkBmSOc,https://music.youtube.com/watch?v=vetkYdJ31HU,
53692bbf-56a9-5676-a2c3-f8e36aba9caf,c6d1f07c-f864-5974-bff8-815cc21a497b,1,Ullu Ka Pattha,"Arijit Singh, Nikhita Gandhi",4.5,https://www.youtube.com/watch?v=h2GhQBI5YGw,https://music.youtube.com/watch?v=h2GhQBI5YGw,https://music.youtube.com/watch?v=8cs10z1CzxE,https://music.youtube.com/watch?v=f_UWq8lXfYo
afea35e5-01d6-54d1-9a05-b0c14aebfd9f,c6d1f07c-f864-5974-bff8-815cc21a497b,2,Galti Se Mistake,"Arijit Singh, Amit Mishra",4.5,https://www.youtube.com/watch?v=05TA9jNnCdU,https://music.youtube.com/watch?v=05TA9jNnCdU,https://music.youtube.com/watch?v=6y7Rl6ricwk,https://music.youtube.com/watch?v=ROtv13CqjzU
b46aeb4e-8cdc-5bd4-8255-166598280043,e877612a-f060-5ce3-a1d9-95677bf665e7,2,Enna Sona Kyun Rab Ne Banaya,Arijit Singh,4.33,https://www.youtube.com/watch?v=1I2aa1sf5NA,https://music.youtube.com/watch?v=mrdRHsIkK_c,https://music.youtube.com/watch?v=8dlTXzaP_8Q,https://music.youtube.com/watch?v=ZhqkBBvmZdo
b4d8e7e5-18f1-583a-a23c-4fcb15bdc123,4c50ecc5-1c01-5600-a3b3-a8292b50c948,2,O Zaalima,"Arijit Singh, Harshdeep Kaur",4.5,https://www.youtube.com/watch?v=qiglT5BZx58,https://music.youtube.com/watch?v=eXkHvT--DBU,https://music.youtube.com/watch?v=YJZYLQhGQLg,
1517d54c-bc58-59dc-adae-3a4f5ae92280,81f53d68-d953-5f91-bc87-c71c4f2e46e3,2,Dil Diyan Gallan,Atif Aslam,4.5,https://www.youtube.com/watch?v=JtnPpxe8K7c,https://music.youtube.com/watch?v=SAcpESN_Fk4,https://music.youtube.com/watch?v=MA9hbox27Zc,https://music.youtube.com/watch?v=eG7omUk8IEw
e3223da7-27e9-5e9a-bb49-1398583b83aa,e39af680-fcb0-586e-a6da-4518432da177,5,Kuch Tune Si Hain Maine Ki Hai Rafu Yeh Doriyan,Ronkini Gupta,4.5,https://www.youtube.com/watch?v=6AICqitg368,https://music.youtube.com/watch?v=oS-0jES79d8,https://music.youtube.com/watch?v=6AICqitg368,
e64c6734-a668-5e66-b4f1-ce4e1ee01630,a55fe5f6-68de-5728-b507-67a4d4bf3857,3,Naache Zing Zing Zing Zing Zing Zing Zingaat,Ajay - Atul,4.5,https://www.youtube.com/watch?v=Rd9wF5fAnVw,https://music.youtube.com/watch?v=DPvYavDpPAQ,https://music.youtube.com/watch?v=JHk4O02oYjA,
dda0f031-b469-5d0b-b7e1-ebc030672b3a,31163e5a-e760-5530-8e8d-67eda9b50f2f,1,Aahista Aahista,"Arijit Singh, Jonita Gandhi",4.33,https://www.youtube.com/watch?v=73q3_tWbV4U,https://music.youtube.com/watch?v=zysSVsr3KyE,https://music.youtube.com/watch?v=e7srapDuxIY,
6c774151-d992-5678-8cca-9fd08c23ecee,31163e5a-e760-5530-8e8d-67eda9b50f2f,2,O Meri Laila,"Atif Aslam, Jyotica Tangri",4.5,https://www.youtube.com/watch?v=gR9xawiSy8A,https://music.youtube.com/watch?v=KdRPDNDNho0,https://music.youtube.com/watch?v=5uL82FnMSeM,https://music.youtube.com/watch?v=6tFM-QTzmxU
c4ed0521-5aea-5333-a3d8-e67b636be7a8,2d49c87a-c0a8-5d49-bef6-3479cdd30f06,1,Ghoomar Ghoomar Ghoomar Ghoomar Ghoome Re,"Shreya Ghoshal, Swaroop Khan",4.5,https://www.youtube.com/watch?v=6cKErCWrb44,https://music.youtube.com/watch?v=4eRdshiNGa4,,
528f81fd-5e6f-5c11-827d-62ca73078505,2d49c87a-c0a8-5d49-bef6-3479cdd30f06,6,Binte Dil Misriya Mein,Arijit Singh,4.67,https://www.youtube.com/watch?v=1HVOB3-6YB0,https://music.youtube.com/watch?v=9aoUpCXY7uk,https://music.youtube.com/watch?v=0NBLOILq2jc,https://music.youtube.com/watch?v=1HVOB3-6YB0
ec8a0f8f-3e18-5e26-a3f4-150a0b5d3fcd,4196f617-d814-5114-9f5d-1dc84c60edf4,1,Ae Watan Watan Mere Aabad Rahe Tu (Male),Arijit Singh,4.5,https://www.youtube.com/watch?v=YHmYop9Bc_Q,https://music.youtube.com/watch?v=vkbIymRmzbI,,
89f893ed-555b-5cb4-877a-7da535d209ae,252cad6b-5182-50c5-8188-bd5704571f95,1,Jab Tak Jahan Mein Mera Naam Hai Tab Tak Mere Naam Tu,Abhay Jodhpurkar,4.33,https://www.youtube.com/watch?v=VGPmFSB8qVY,https://music.youtube.com/watch?v=TbjbZFqLEtw,https://music.youtube.com/watch?v=6vXG7JOYfn8,
a420da89-20ca-5977-bb69-2a0af5e4ae65,aac387f4-4095-5062-9a3a-11049b87b0aa,7,Woh Din Bhi Kya Din The (Arijit Singh Version),Arijit Singh,4.4,https://www.youtube.com/watch?v=xC1cj9zhh6k,https://music.youtube.com/watch?v=xC1cj9zhh6k,https://music.youtube.com/watch?v=XdvgOjHbH5A,
183af683-344d-5b55-a524-6e048c11a80e,caab1a03-ba7e-5457-9cd3-a48cc050fd3e,4,Doori,Ranveer Singh,4.33,https://www.youtube.com/watch?v=QPGmwRNkffc,https://music.youtube.com/watch?v=uWkYEzkwV78,https://music.youtube.com/watch?v=1q5XbWSVfMA,
4f6de94f-f3d5-5765-95cd-a6ddad8c4a10,caab1a03-ba7e-5457-9cd3-a48cc050fd3e,13,Apna Time Aayega,Ranveer Singh,4.67,https://www.youtube.com/watch?v=jFGKJBPFdUA,https://music.youtube.com/watch?v=UBhXquUhomY,https://music.youtube.com/watch?v=7XTAq93QOdM,https://music.youtube.com/watch?v=S5tAVjrc4Sw
134c8a79-1932-59a7-abdd-a0770d57a536,9e2e63ea-48a9-526c-abbd-86478229426c,3,Kalank Nahin Ishq Hai Kaajal Piya (Title Track),Arijit Singh,4.5,https://www.youtube.com/watch?v=wKuP5Hz30ws,https://music.youtube.com/watch?v=if7X8G9c3t0,https://music.youtube.com/watch?v=jgmnJXMw-mA,
1edec35b-2dad-525e-966d-6f75f27f7507,745dd8da-ce68-5dc9-8cab-00a7be4c79bc,4,O Rajaji Naina Chugalkhor Rajaji,"Pratibha Singh Baghel, Ravi Mishra - I",4.5,https://www.youtube.com/watch?v=5w5WP3FJb6g,https://music.youtube.com/watch?v=Aph07tVSgk8,,
35fe672d-8e8d-5dfa-ba80-48d91f86048f,9ec33b70-938c-587d-8519-0810ac44f1ed,1,Teri Chahat Ne Badla Mere Dil Ka Jugraafiya,"Udit Narayan, Shreya Ghoshal",4.33,https://www.youtube.com/watch?v=gRRMSF0nB0c,https://music.youtube.com/watch?v=X8bu-nEmN5o,,
1bf9d231-5ece-5905-a973-b4f6ccf11958,37c6753a-a292-553f-b0b9-9652c1eedca9,1,Ke Ghunghroo Toot Gaye,"Arijit Singh, Shilpa Rao",4.5,https://www.youtube.com/watch?v=qFkNATtc3mc,https://music.youtube.com/watch?v=qFkNATtc3mc,,
3cd456ed-c029-5c35-a6c4-f20af23edc1f,b72df794-2e18-5709-8e87-86878430a82b,1,O Aashiqa Tune Kya Dil Diya,Shashwat Singh,4.4,https://www.youtube.com/watch?v=m8NCfkX3Zb0,https://music.youtube.com/watch?v=_PhTRaDcX3k,,
b223909c-7f93-5e61-ad40-032be940769b,b72df794-2e18-5709-8e87-86878430a82b,5,Jwalamukhi,Arijit Singh,4.5,https://www.youtube.com/watch?v=L0NzRDnzUt0,https://music.youtube.com/watch?v=e01g3pC4ZOo,https://music.youtube.com/watch?v=CWbHPCruF5k,https://music.youtube.com/watch?v=IsVa_Jjfv2o
5d3168f1-0d01-5fa0-95c9-d8ef0c5a11fe,2da1aced-2a1d-57f1-bfa5-c7a2c9e28261,1,Jo Mila Hai Tu Zindagi Khushmizaaj Hai,"Arijit Singh, Amartya Bobo Rahut",4.5,https://www.youtube.com/watch?v=aiPBhlRX5lc,https://music.youtube.com/watch?v=FWuO7rqTZ48,https://music.youtube.com/watch?v=NhMTSkDpg5E,
b6d4c429-4373-57de-ab69-57b078e635d6,cc674256-8a43-53ca-907b-401d7def9e90,1,Dil Bechara Friend Zone Ka Maara,A.R. Rahman,4.5,https://www.youtube.com/watch?v=PMCu0JtizCk,https://music.youtube.com/watch?v=cU3fvZfjMsY,https://music.youtube.com/watch?v=CivcnZzvxJQ,https://music.youtube.com/watch?v=PMCu0JtizCk
e5f81bfd-a5e9-55fc-ae43-079135c05a63,cc674256-8a43-53ca-907b-401d7def9e90,2,Taare Ginn,"Mohit Chauhan, Shreya Ghoshal",4.5,https://www.youtube.com/watch?v=HhWum37Mg8o,https://music.youtube.com/watch?v=pr-4GbR4DpQ,https://music.youtube.com/watch?v=TSHYqmWsmHg,https://music.youtube.com/watch?v=5S1HoHqI2m8
79e65f3b-e987-5f47-b6a5-c834834d824b,82a148cb-274f-552c-97f6-3d8a8229d936,1,Shayad Kabhi Na Kah Sakoon Main (Jo Tum Na Ho),Arijit Singh,4.5,https://www.youtube.com/watch?v=MJyKN-8UncM,https://music.youtube.com/watch?v=EQxEms7gnqs,https://music.youtube.com/watch?v=XZbNCiCEavg,
a26fe254-761f-59cc-8961-0c52aa390eda,82a148cb-274f-552c-97f6-3d8a8229d936,2,Haan Main Galat,"Arijit Singh, Shashwat Singh",4.5,https://www.youtube.com/watch?v=hicN8rVmNXo,https://music.youtube.com/watch?v=aG2PQ8x9F4g,https://music.youtube.com/watch?v=gXKXjZ2kyX0,https://music.youtube.com/watch?v=Eknso52n4xU
8c17a351-30d9-5e0d-9711-5463e0cd9289,82a148cb-274f-552c-97f6-3d8a8229d936,4,Tum To Rahogi Meri,Arijit Singh,4.5,https://www.youtube.com/watch?v=tGs7iLem1cE,https://music.youtube.com/watch?v=tGs7iLem1cE,https://music.youtube.com/watch?v=Mq8hz2F8OAI,
7fe356ab-aa51-5e3f-b261-b2414ddbc118,82a148cb-274f-552c-97f6-3d8a8229d936,5,Aur Tanha (Tu Hi To Hai),KK,4.5,https://www.youtube.com/watch?v=9evpCxyk1hg,https://music.youtube.com/watch?v=9evpCxyk1hg,https://music.youtube.com/watch?v=xXKvKXyhTWY,https://music.youtube.com/watch?v=_iNzo7BSJu4
61c7a1e4-bef2-518c-8135-4ee9af2e4fb9,82a148cb-274f-552c-97f6-3d8a8229d936,10,Haan Tum Ho (Tum To Rahogi Meri),"Arijit Singh, Shilpa Rao",4.5,https://www.youtube.com/watch?v=GbGx16uzzKQ,https://music.youtube.com/watch?v=xGqjZSw4B80,https://music.youtube.com/watch?v=GbGx16uzzKQ,https://music.youtube.com/watch?v=MfA8q8BxMoI
69b753bc-55ae-5cee-b3d8-c08c861a1b38,66002973-0f7e-5ec1-b9ef-33a32211fe3b,1,Aabaad Barbaad (Ya To Barbaad Kar Do),Arijit Singh,4.75,https://www.youtube.com/watch?v=jh66Pjtqr4k,https://music.youtube.com/watch?v=N0ngg3KnFVs,https://music.youtube.com/watch?v=-ePDTGeB5sw,
844edf78-bce2-58bf-8946-22c9ec5ddc42,66002973-0f7e-5ec1-b9ef-33a32211fe3b,2,Hardum Humdum (Yeh Lee Hai Meri Aankhon Ne Kasam Ae Yaar),Arijit Singh,4.67,https://www.youtube.com/watch?v=8SgbcLtZaVY,https://music.youtube.com/watch?v=V4mhJ7_6fc0,https://music.youtube.com/watch?v=_eR1QszbkWY,https://music.youtube.com/watch?v=0SZTnLCMujk
7ce1de85-6520-5d06-89e0-6085f332e0b8,1530d1ec-f96d-51a0-a274-e8a410225397,3,Tere Rang Ranga (Murli Ki Yeh Dhun Sun Radhike),"Haricharan Seshadri, Shreya Ghoshal",4.5,https://www.youtube.com/watch?v=f8gdO0JePQ0,https://music.youtube.com/watch?v=QvVXaaNKEUY,https://music.youtube.com/watch?v=YTN9hDGtHxA,https://music.youtube.com/watch?v=BkQ6eB_c11w
d0fecc55-0021-5535-8e59-b9031eb1e028,1530d1ec-f96d-51a0-a274-e8a410225397,5,Tumhein Mohabbat Hai (Teri Aankhon Mein Jhaankne Wala),Arijit Singh,4.5,https://www.youtube.com/watch?v=NegGZIlgfNA,https://music.youtube.com/watch?v=2WTvSzXVZvA,https://music.youtube.com/watch?v=R5xpA6UKRHI,https://music.youtube.com/watch?v=5gA2U06auWw
f481ec87-1b82-5b9a-89a2-5b400ca98d84,593de3f8-035a-51db-8831-261283d9fe07,6,Lamha,Antara Mitra,4.5,https://www.youtube.com/watch?v=VXRyfaBluXk,https://music.youtube.com/watch?v=ifVpr-LTqfQ,https://music.youtube.com/watch?v=SE7Ghxg5CmM,https://music.youtube.com/watch?v=VXRyfaBluXk
34012b3f-ea6f-59f3-a970-bf50115bc40c,a8316eb4-cf2a-5a6a-8368-7f2592e23897,2,Apna Bana Le Piya (Tu Mera Koi Naa Hoke Bhi),Arijit Singh,4.33,https://www.youtube.com/watch?v=ElZfdU54Cp8,https://music.youtube.com/watch?v=YALvuUpY_b0,https://music.youtube.com/watch?v=NR55xGziJn0,https://music.youtube.com/watch?v=dQ2NjBR4DKI
8e05bdd8-a62c-5611-879d-7e296d8d19ca,79f1e72c-8f78-5b57-a504-4521a29e3362,4,Varaha Roopam Daiva Va Rishtam,Sai Vignesh,4.5,https://www.youtube.com/watch?v=gH_RYRwVrVM,https://music.youtube.com/watch?v=gH_RYRwVrVM,https://music.youtube.com/watch?v=YgmhfZrZeqg,https://music.youtube.com/watch?v=egkU-6Jvj68
eea5850f-1e8e-5a67-a33c-75f8dac66a5c,6640a9bd-675e-52dd-94c4-ef110fc03012,1,Par Yeh Dil Ka Mamla Hai Kya Karein,"Ananya Birla, Ankur Tewari",4.5,https://www.youtube.com/watch?v=ZNo82CX48cI,https://music.youtube.com/watch?v=ZNo82CX48cI,https://music.youtube.com/watch?v=TYxCHnJnk0I,
af5b52d0-3246-5c5a-8cd1-bd3e8769038e,d8600be9-71bb-5b41-9b2b-444ae921fa4b,6,Tere Hawaale,"Arijit Singh, Shilpa Rao",4.33,https://www.youtube.com/watch?v=KUpwupYj_tY,https://music.youtube.com/watch?v=Z0VbANbyH2o,,
78aeaa89-812e-5d1d-b318-01c3e3e12eb7,4ac3e825-d06a-57be-a763-af8b66ccf8ce,1,Ghodey Pe Sawaar (Jaane Balma Ghode Pe Kyun Sawaar Hai),Sireesha Bhagavatula,4.5,https://www.youtube.com/watch?v=q05AbgNey6w,https://music.youtube.com/watch?v=PrGylftXLnw,https://music.youtube.com/watch?v=cY4FmcWT0Rc,https://music.youtube.com/watch?v=OC9gl-UEYVo
5d78e497-f5a2-51a5-8bff-42601d56e141,4ac3e825-d06a-57be-a763-af8b66ccf8ce,4,Bikharne Ka Mujhko Shauq Hai Bada,"Swanand Kirkire, Shahid Mallya, Sireesha Bhagavatula",4.5,https://www.youtube.com/watch?v=cJZKEklZhdM,https://music.youtube.com/watch?v=cJZKEklZhdM,https://music.youtube.com/watch?v=vnt65_GElMU,https://music.youtube.com/watch?v=5IfBWvb7x0M
f63d623a-ac34-50e8-830e-f212079b5c9e,47e1eefe-89de-5541-babf-01e5d8578968,1,Haay Kasam Se Kasam Se Tumhare Bina,"Arijit Singh, Shekhar Ravjiani",5.0,https://www.youtube.com/watch?v=Yps2aa-I8jY,https://music.youtube.com/watch?v=Yps2aa-I8jY,https://music.youtube.com/watch?v=UV7-2_5tWIA,
ea263001-bcf5-5b1c-9741-c7fc03499152,b6fa8109-2664-5fd3-a2ac-ef9ed1ebd181,2,Main Parwaana,"Arijit Singh, Pooja Tiwari, Nisa Shetty, Rakshita Suresh",4.5,https://www.youtube.com/watch?v=BDKjWnPZYPQ,https://music.youtube.com/watch?v=ttETSMzXBX4,https://music.youtube.com/watch?v=KR7FjDRSUzA,https://music.youtube.com/watch?v=1Da3Q4n3Mug
7d77765e-f27c-57a0-a2ed-8eb89509c219,d16b71cd-2308-58b4-b9f2-805bcab4ae56,1,Tum Kya Mile,"Arijit Singh, Shreya Ghoshal",4.5,https://www.youtube.com/watch?v=O9ZtN9C5HMA,https://music.youtube.com/watch?v=S15GwOj_1us,https://music.youtube.com/watch?v=hacByYwJ_a4,https://music.youtube.com/watch?v=XUmBgrGLUBk
2e912439-3d75-5bdd-8534-6478ebdb2f9b,6eaa27d8-97ae-5f37-a287-a34f58afe2c8,1,Rooh Jaga Doon,Arijit Singh,5.0,https://www.youtube.com/watch?v=PLR-uVW1vbs,https://music.youtube.com/watch?v=PLR-uVW1vbs,https://music.youtube.com/watch?v=EEQHaMRcjm8,https://music.youtube.com/watch?v=Q52Y5UGUW1Q
cddd3e70-f909-5e68-918f-2820c764050b,0887f519-98f9-5fca-90cf-79c6f521d973,2,Aaj Humko Dil-E-Naakaam Pe Rona Aaya,Sonu Nigam,4.33,https://www.youtube.com/watch?v=Yyu3_vYKWNo,https://music.youtube.com/watch?v=Yyu3_vYKWNo,,
85b21c98-c5d6-5052-91d3-a11f120c847d,f4cb2beb-2188-5b35-a23c-811800bcbd93,3,Itni Si Baat Ankahi Yun Bayaan Ho Gayi,"Shreya Ghoshal, Sonu Nigam",4.67,https://www.youtube.com/watch?v=WkXzhILbZBc,https://music.youtube.com/watch?v=iaLaYdbrD6k,,
9bb6f13f-bd07-50e5-a964-d679baeeb523,a938dfc1-a087-5c05-88cd-b85c61515ee7,5,Pasoori Nu,"Arijit Singh, Tulsi Kumar",4.33,https://www.youtube.com/watch?v=UAuvmx3cPos,https://music.youtube.com/watch?v=vFmozkm9Gxc,https://music.youtube.com/watch?v=y9Gs_CtXHN0,
f74e5102-1190-568b-bbf1-ad8bca63b90d,1a2a77ce-d85b-5679-9869-42219310bb69,5,Khushi Ke Bahaane Aaye,Sonu Nigam,4.33,https://www.youtube.com/watch?v=42ds8qeuoMQ,https://music.youtube.com/watch?v=dRWvt1NHW7s,,
7b28ff9c-77f8-52db-a8c3-1e055a0b793f,57946098-0721-56ab-b4f5-6500cf090c25,6,Mainu Vida Karo,"Arijit Singh, Jonita Gandhi",5.0,https://www.youtube.com/watch?v=lZZmQNi0jHg,https://music.youtube.com/watch?v=2dc63Lhdr-I,https://music.youtube.com/watch?v=qwGggMl2-tE,https://music.youtube.com/watch?v=C-usx9Ka5Fc
1ff1d977-9368-5a52-bb66-533c01a5f572,a3bead71-9023-5ce0-bffc-0f7dbb2e0f05,1,Chhodunga Naa Tujhko Kabhi,Arijit Singh,5.0,https://www.youtube.com/watch?v=gh9FoxuYx8k,https://music.youtube.com/watch?v=gh9FoxuYx8k,https://music.youtube.com/watch?v=3KNeXNLm8vQ,
9d2c604a-b64a-592e-8891-95e9ad3219ab,fc182b90-1fe0-5adc-aa77-6f038f65e14c,2,Sajni,Arijit Singh,5.0,https://www.youtube.com/watch?v=XJAMVPQWvGY,https://music.youtube.com/watch?v=ksYed4qu-4w,https://music.youtube.com/watch?v=Ys6iPqfvmI0,
247c83db-67c2-5185-8953-86a8012ddeb1,c53cecce-4b7f-5d4b-a729-072b4f367a73,3,Raat Akeli Thi,"Arijit Singh, Antara Mitra",4.5,https://www.youtube.com/watch?v=1EK4-g_GfNw,https://music.youtube.com/watch?v=11Bf89nHffU,https://music.youtube.com/watch?v=QbAJzzB1oBI,https://music.youtube.com/watch?v=1EK4-g_GfNw
3746d980-ee3b-57d1-8e3a-0ee9133eb8f3,e9ece23d-98ff-5e68-8d5e-b50209df1dda,3,Woh Sukoon Shayad Mujhse Hi Hai,Arijit Singh,5.0,https://www.youtube.com/watch?v=WauyidJ8k_4,https://music.youtube.com/watch?v=zriSe53Kl_w,https://music.youtube.com/watch?v=WauyidJ8k_4,https://music.youtube.com/watch?v=XrPd5xLpSuU
f955cd7c-5b03-5b77-8de3-e140cc49bed2,a9f2f519-b645-5525-90f1-9d10032e9c55,1,Qubool,Armaan Khan,4.5,https://www.youtube.com/watch?v=XZjTVt0ilxw,https://music.youtube.com/watch?v=c1xX5Qz3bBQ,https://music.youtube.com/watch?v=aiFwwCQuvcU,
