song_uuid,album_uuid,track_number,song_title,song_singers,song_rating,youtube_url,music_yt_url_1,music_yt_url_2,music_yt_url_3,youtubeurlid,musicurlid1,musicurlid2,musicurlid3
075151b3-fbee-59ce-a69c-2a7927721bb9,9298a398-3a6b-5ad2-a4cf-844b5258320b,5,Dil Jo Na Keh Saka (Female),Lata Mangeshkar,4.33,http://www.youtube.com/watch?v=IFEwzBJlpb4,https://music.youtube.com/watch?v=6L3hcY8ID9Y,https://music.youtube.com/watch?v=IFEwzBJlpb4,https://music.youtube.com/watch?v=hZhtIhQgpaM,IFEwzBJlpb4,6L3hcY8ID9Y,IFEwzBJlpb4,hZhtIhQgpaM
5731bbd6-e635-512b-be10-b832da87fad6,9298a398-3a6b-5ad2-a4cf-844b5258320b,6,Dil Jo Na Keh Saka (Male),Mohammed Rafi,4.33,https://www.youtube.com/watch?v=-_t8RVlTQ6A,https://music.youtube.com/watch?v=CxtzLx4C2UM,https://music.youtube.com/watch?v=IFEwzBJlpb4,https://music.youtube.com/watch?v=w3VwYconjX4,-_t8RVlTQ6A,CxtzLx4C2UM,IFEwzBJlpb4,w3VwYconjX4
61dd8a63-58d5-5213-8fa8-dc960bc61e4e,d9dd889b-e46c-5bbf-972e-426b263eb651,2,O Mere Pyar Aaja,Lata Mangeshkar,4.33,http://www.youtube.com/watch?v=BdfBbmT-_Aw,https://music.youtube.com/watch?v=BdfBbmT-_Aw,https://music.youtube.com/watch?v=RNorlDhAr_M,https://music.youtube.com/watch?v=046yn85TaD0,BdfBbmT-_Aw,BdfBbmT-_Aw,RNorlDhAr_M,046yn85TaD0
4bd474ef-294d-5469-99ef-e91b59e44749,b0fb4fba-ee48-5782-95f2-6a9e7cee2627,1,Baagh Mein Kali Khili,Asha Bhosle,4.67,https://www.youtube.com/watch?v=5ms3EygjbKI,https://music.youtube.com/watch?v=c9xFDQWvyVc,https://music.youtube.com/watch?v=EXuvH7z-W-o,https://music.youtube.com/watch?v=s9MDbfAQinA,5ms3EygjbKI,c9xFDQWvyVc,EXuvH7z-W-o,s9MDbfAQinA
3998deb4-dff5-52a7-9f2b-ce98a1060aca,925f99ae-d32a-567b-ab7d-6269a566450d,1,Gaata Rahe Mera Dil,"Lata Mangeshkar, Kishore Kumar",4.54,https://www.youtube.com/watch?v=LGjDtDvrcRc,https://music.youtube.com/watch?v=gYiwh6EvOiI,https://music.youtube.com/watch?v=ecJCWt9X2Jw,https://music.youtube.com/watch?v=D4eH5y2SZJ0,LGjDtDvrcRc,gYiwh6EvOiI,ecJCWt9X2Jw,D4eH5y2SZJ0
8d350a66-0575-5dcb-9aba-d3f66645be46,925f99ae-d32a-567b-ab7d-6269a566450d,2,Wahan Kaun Hai Tera Musafir,S.D. Burman,4.5,https://www.youtube.com/watch?v=nezFXDk4jYA,https://music.youtube.com/watch?v=nezFXDk4jYA,https://music.youtube.com/watch?v=QC-hZgcCnPE,https://music.youtube.com/watch?v=NdGJ1FpjXbE,nezFXDk4jYA,nezFXDk4jYA,QC-hZgcCnPE,NdGJ1FpjXbE
cbd2e3dd-5e22-5612-a4ff-b7d099439599,925f99ae-d32a-567b-ab7d-6269a566450d,3,Piya Tose Naina Laage Re,Lata Mangeshkar,4.9,https://www.youtube.com/watch?v=SMKOwKskomc,https://music.youtube.com/watch?v=EF3Tlo-jSq4,https://music.youtube.com/watch?v=Q2wHr0mQi7s,https://music.youtube.com/watch?v=wAgfrdTcTHw,SMKOwKskomc,EF3Tlo-jSq4,Q2wHr0mQi7s,wAgfrdTcTHw
d221d409-be05-546e-9268-3789758bff3b,925f99ae-d32a-567b-ab7d-6269a566450d,4,Din Dhal Jaye Haye Raat Na Jaye,Mohammed Rafi,4.88,https://www.youtube.com/watch?v=6gcGxoGiOTE,https://music.youtube.com/watch?v=hu2khgJn7Vg,https://music.youtube.com/watch?v=6gcGxoGiOTE,https://music.youtube.com/watch?v=d3VY0NSYMCk,6gcGxoGiOTE,hu2khgJn7Vg,6gcGxoGiOTE,d3VY0NSYMCk
8d8699fe-0698-52d6-8563-e4c035749e49,925f99ae-d32a-567b-ab7d-6269a566450d,5,Aaj Phir Jeene Ki Tamanna Hai,Lata Mangeshkar,4.93,https://www.youtube.com/watch?v=sACLGUkLo3Q,https://music.youtube.com/watch?v=I3dIOG39ZHA,https://music.youtube.com/watch?v=Eylt4Rbq-RA,https://music.youtube.com/watch?v=pvQaiXjNmKo,sACLGUkLo3Q,I3dIOG39ZHA,Eylt4Rbq-RA,pvQaiXjNmKo
e86d681b-27b4-572f-93d8-932a42ae4504,925f99ae-d32a-567b-ab7d-6269a566450d,6,Tere Mere Sapne Ab Ek Rang Hain,Mohammed Rafi,4.9,https://www.youtube.com/watch?v=KDkaXiRNSHw,https://music.youtube.com/watch?v=IInhcBm-FB8,https://music.youtube.com/watch?v=eowwDKsGpPo,https://music.youtube.com/watch?v=iG0xd1RBtmQ,KDkaXiRNSHw,IInhcBm-FB8,eowwDKsGpPo,iG0xd1RBtmQ
ea78142f-fe17-5ca1-8a47-8d901a06ad3e,925f99ae-d32a-567b-ab7d-6269a566450d,7,Mose Chhal Kiye Jaye Haay Re Haay Dekho Saiyan Beimaan,Lata Mangeshkar,4.89,https://www.youtube.com/watch?v=NfH4KDqztL0,https://music.youtube.com/watch?v=NfH4KDqztL0,https://music.youtube.com/watch?v=8ChzI6CgsAk,https://music.youtube.com/watch?v=Y-r4yMtq6y0,NfH4KDqztL0,NfH4KDqztL0,8ChzI6CgsAk,Y-r4yMtq6y0
392facdf-4855-5e3a-b0b7-08d906419b3d,925f99ae-d32a-567b-ab7d-6269a566450d,8,Kya Se Kya Ho Gaya Bewafa Tere Pyar Mein,Mohammed Rafi,4.75,https://www.youtube.com/watch?v=j0yhX_VDu-o,https://music.youtube.com/watch?v=11JbDATmL-s,https://music.youtube.com/watch?v=oO06VuepdW0,https://music.youtube.com/watch?v=1Gn0fsXVjGA,j0yhX_VDu-o,11JbDATmL-s,oO06VuepdW0,1Gn0fsXVjGA
6d590bc1-8937-53ba-bd54-0f8d5e867d50,3e65c3d0-3320-5052-a29b-3f76f97fc14d,8,Jaan Pehchan Ho,Mohammed Rafi,4.5,http://www.youtube.com/watch?v=XnBbjc5hmho,https://music.youtube.com/watch?v=KX6t1AuoD6c,https://music.youtube.com/watch?v=XnBbjc5hmho,https://music.youtube.com/watch?v=3IbdnTeMGpM,XnBbjc5hmho,KX6t1AuoD6c,XnBbjc5hmho,3IbdnTeMGpM
95b64fa6-9282-5393-a848-036b279e0650,67f4e72e-ea1c-5acf-bcaf-eca038776557,3,Ajnabi Tum Jane Pehchane Se Lagte Ho (Male),Kishore Kumar,4.4,https://www.youtube.com/watch?v=q3TTsBpNSSQ,https://music.youtube.com/watch?v=ZrCDwaVsqGU,https://music.youtube.com/watch?v=Kxk21D1PNNk,https://music.youtube.com/watch?v=bL7ucGNJmFY,q3TTsBpNSSQ,ZrCDwaVsqGU,Kxk21D1PNNk,bL7ucGNJmFY
21ea1267-2010-5d96-9429-dc01208467b1,cf1baa24-9b50-5951-85a6-001f73db46ce,5,Yeh Sama Sama Hai Ye Pyar Ka,Lata Mangeshkar,4.5,https://www.youtube.com/watch?v=Sd4dVbmPSAA,https://music.youtube.com/watch?v=lzYnTE1ZkRQ,https://music.youtube.com/watch?v=h27t_puF9Ws,https://music.youtube.com/watch?v=6RtHkptRWFA,Sd4dVbmPSAA,lzYnTE1ZkRQ,h27t_puF9Ws,6RtHkptRWFA
850a7cbc-9126-5035-a93f-9e32c53f4dd0,d04ffda1-946b-5117-8c76-7cd1b63f189d,5,Tumhin Meri Mandir Tumhin Meri Pooja Tumhin Devta Ho,Lata Mangeshkar,4.5,https://www.youtube.com/watch?v=URrRzFikcD0,https://music.youtube.com/watch?v=Nu8kLF9J-KY,https://music.youtube.com/watch?v=zmwpWYwYKpw,https://music.youtube.com/watch?v=M0cSjJGBXAk,URrRzFikcD0,Nu8kLF9J-KY,zmwpWYwYKpw,M0cSjJGBXAk
f51f6727-4624-554e-b279-2bc38f8db83c,3efc2a3d-806d-5181-a50b-30636eb7938d,1,Yeh Hai Reshmi Zulfon Ka Andhera Na Ghabraiye,Asha Bhosle,4.75,https://www.youtube.com/watch?v=lgWnO5IlWxY,https://music.youtube.com/watch?v=H-1UVGB7XIY,https://music.youtube.com/watch?v=zzlMOtmjak8,https://music.youtube.com/watch?v=kexksZ9tYm0,lgWnO5IlWxY,H-1UVGB7XIY,zzlMOtmjak8,kexksZ9tYm0
e7dcce2b-c717-5a50-bbb8-d40c86de165b,3efc2a3d-806d-5181-a50b-30636eb7938d,2,Yeh Ab Aap Sochiye (Humne To Dil Ko Aap Ke),"Asha Bhosle, Mohammed Rafi",4.5,https://www.youtube.com/watch?v=IhKGLfQzU40,https://music.youtube.com/watch?v=ezWRYJVzALg,https://music.youtube.com/watch?v=fCs1SbPXHgk,https://music.youtube.com/watch?v=2dmG8VEaw0U,IhKGLfQzU40,ezWRYJVzALg,fCs1SbPXHgk,2dmG8VEaw0U
f38f62ad-6c3a-5fda-a61c-09663183620c,3efc2a3d-806d-5181-a50b-30636eb7938d,3,Pukarta Chala Hoon Main,Mohammed Rafi,4.75,https://www.youtube.com/watch?v=rElkhrkfavw,https://music.youtube.com/watch?v=mBWxGosJ4Cw,https://music.youtube.com/watch?v=Lbh_skI9NMY,https://music.youtube.com/watch?v=GRo1dONJ74o,rElkhrkfavw,mBWxGosJ4Cw,Lbh_skI9NMY,GRo1dONJ74o
5c13cd8f-0330-5641-bd83-4bcb341cef5c,3efc2a3d-806d-5181-a50b-30636eb7938d,4,Jaiye Aap Kahan Jayenge,Asha Bhosle,4.71,https://www.youtube.com/watch?v=kENOkRBbsHs,https://music.youtube.com/watch?v=MpawL4IZfKg,https://music.youtube.com/watch?v=2CNPjc76nDk,https://music.youtube.com/watch?v=OUGG5RLGQGI,kENOkRBbsHs,MpawL4IZfKg,2CNPjc76nDk,OUGG5RLGQGI
a70462d0-798b-5acc-aef1-757961b45da7,3efc2a3d-806d-5181-a50b-30636eb7938d,7,Tukde Hain Mere Dil Ke,Mohammed Rafi,4.5,https://www.youtube.com/watch?v=gX0V_Aof23o,https://music.youtube.com/watch?v=KIvjtv9Cv8o,https://music.youtube.com/watch?v=G_UsJDYAfbc,https://music.youtube.com/watch?v=2ulm1Uc5lL4,gX0V_Aof23o,KIvjtv9Cv8o,G_UsJDYAfbc,2ulm1Uc5lL4
c21bca8a-ef45-5dc4-b255-8e97f0e5631e,c5c17e5c-f870-5e63-b79f-93f3b3cf399b,2,Thahariye Hosh Mein Aa Loon To Chale Jaaiyega,"Suman Kalyanpur, Mohammed Rafi",4.5,https://www.youtube.com/watch?v=4NhwjNDqiuA,https://music.youtube.com/watch?v=4NhwjNDqiuA,https://music.youtube.com/watch?v=o7mTIXuHqos,https://music.youtube.com/watch?v=D3Xuyky_Ukc,4NhwjNDqiuA,4NhwjNDqiuA,o7mTIXuHqos,D3Xuyky_Ukc
329371e8-8ffe-5cc3-9a26-1e540f0d9229,ec93208c-81b5-5d18-8277-1f888252b843,7,Karvan Guzar Gaya Gubar Dekhte Rahe (Swapn Jhare Phool Se),Mohammed Rafi,4.33,https://www.youtube.com/watch?v=75mB-zadZgI,https://music.youtube.com/watch?v=3xRuybDNVGw,https://music.youtube.com/watch?v=75mB-zadZgI,https://music.youtube.com/watch?v=X4148KaVae4,75mB-zadZgI,3xRuybDNVGw,75mB-zadZgI,X4148KaVae4
7c629f1d-7693-5d58-b507-e918dba88654,96ae4954-575d-5a11-915f-2244945af8ec,1,Mere Mehboob Na Ja Aaj Ki Raat Na Ja,Suman Kalyanpur,4.33,https://www.youtube.com/watch?v=hEP9_zCeX5I,https://music.youtube.com/watch?v=m0o53u0h0XY,https://music.youtube.com/watch?v=-6qdlcfvLdk,https://music.youtube.com/watch?v=BSFF2bx0iFk,hEP9_zCeX5I,m0o53u0h0XY,-6qdlcfvLdk,BSFF2bx0iFk
5e44041f-8ed5-5883-a7d0-263a485be405,0e53e7f4-f8e5-5903-923d-66ccba74e64c,1,Jaag Dil-E-Deewana Rut Jaagi Vasl-E-Yaar Ki,Mohammed Rafi,4.4,https://www.youtube.com/watch?v=e4YDtwvdhkU,https://music.youtube.com/watch?v=6VUCKqbddOw,https://music.youtube.com/watch?v=Qk7ZVnBbupw,,e4YDtwvdhkU,6VUCKqbddOw,Qk7ZVnBbupw,
e4b5d392-83b8-5330-a28e-491255d8ddd6,0e53e7f4-f8e5-5903-923d-66ccba74e64c,2,Aaja Re Mere Pyar Ke Raahi,"Lata Mangeshkar, Mahendra Kapoor",4.33,https://www.youtube.com/watch?v=Tp1NBgr5c3U,https://music.youtube.com/watch?v=Tp1NBgr5c3U,https://music.youtube.com/watch?v=6jB4t7SINlE,https://music.youtube.com/watch?v=__QLijRToPo,Tp1NBgr5c3U,Tp1NBgr5c3U,6jB4t7SINlE,__QLijRToPo
429e6002-6603-5c6e-846b-c24b70e59d7f,9d5fc655-294f-5312-9f32-21744f2f01fd,5,Saathi Re Tujh Bin Jiya Udaas Re,Lata Mangeshkar,4.33,https://www.youtube.com/watch?v=GXbE6SMsINU,https://music.youtube.com/watch?v=rYuVQxqQ-KA,https://music.youtube.com/watch?v=2o1Wl4BUCeA,https://music.youtube.com/watch?v=GXbE6SMsINU,GXbE6SMsINU,rYuVQxqQ-KA,2o1Wl4BUCeA,GXbE6SMsINU
54f34989-a1b1-533f-8658-e2bf18f4efee,639fa210-9c08-51a4-97c3-51be6d63c145,5,Humsafar Mere Humsafar,"Lata Mangeshkar, Mukesh",4.5,http://www.youtube.com/watch?v=9Pv3_gqJQ8k,https://music.youtube.com/watch?v=qqG3gxs_lgE,https://music.youtube.com/watch?v=-CXCeWCF_NA,https://music.youtube.com/watch?v=-u1ZMAOhF6Y,9Pv3_gqJQ8k,qqG3gxs_lgE,-CXCeWCF_NA,-u1ZMAOhF6Y
beba14d6-73a5-58a0-a692-62735768dec8,551228eb-578f-5ff8-9c09-b403dec9f67a,3,Yeh Dard Bhara Afsana,Kishore Kumar,4.5,https://www.youtube.com/watch?v=pU8PtgQ8R04,https://music.youtube.com/watch?v=kTxkULhR91E,https://music.youtube.com/watch?v=5ImkM__sPvY,https://music.youtube.com/watch?v=eXKBnIo5ouI,pU8PtgQ8R04,kTxkULhR91E,5ImkM__sPvY,eXKBnIo5ouI
c9ef8fd6-a446-5cbc-be51-3c3fa52aafcd,2c1a27cf-6604-533f-ac7c-6bac9a278fde,3,Likha Hai Teri Ankhon Mein Kiska Fasana,"Lata Mangeshkar, Kishore Kumar",4.4,http://www.youtube.com/watch?v=7a0OeTM9rqM,https://music.youtube.com/watch?v=S6zBs0OlMpk,https://music.youtube.com/watch?v=7a0OeTM9rqM,https://music.youtube.com/watch?v=MSDH6mswtQY,7a0OeTM9rqM,S6zBs0OlMpk,7a0OeTM9rqM,MSDH6mswtQY
3b598282-509f-54e3-a8db-bc6973b4390e,2c1a27cf-6604-533f-ac7c-6bac9a278fde,4,Arre Yaar Meri Tum Bhi Ho Ghazab,"Asha Bhosle, Kishore Kumar",4.4,https://www.youtube.com/watch?v=M9oQZQvCQqE,https://music.youtube.com/watch?v=euA1n10OriY,https://music.youtube.com/watch?v=txbDNbb7PGg,https://music.youtube.com/watch?v=M9oQZQvCQqE,M9oQZQvCQqE,euA1n10OriY,txbDNbb7PGg,M9oQZQvCQqE
55b038ff-2cc8-54a8-aa2a-2f6b4ff58893,2c1a27cf-6604-533f-ac7c-6bac9a278fde,5,Khwab Ho Tum Ya Koyi Haqeeqat,Kishore Kumar,4.4,https://www.youtube.com/watch?v=Jw4wLVnFJ-E,https://music.youtube.com/watch?v=bKn1SgHaJBA,https://music.youtube.com/watch?v=y7Z0qM5t06M,https://music.youtube.com/watch?v=xj5ru2vdhfI,Jw4wLVnFJ-E,bKn1SgHaJBA,y7Z0qM5t06M,xj5ru2vdhfI
d563c2ad-00b1-5db1-a363-ca43a02eed68,2c1a27cf-6604-533f-ac7c-6bac9a278fde,6,Kahin Bekhayal Ho Kar,Mohammed Rafi,4.33,http://www.youtube.com/watch?v=Dtxp-e1U5i0,https://music.youtube.com/watch?v=94xePOCF6yU,https://music.youtube.com/watch?v=vsnrEY7g6Tg,https://music.youtube.com/watch?v=kQuBY39LBVo,Dtxp-e1U5i0,94xePOCF6yU,vsnrEY7g6Tg,kQuBY39LBVo
f4242cc8-cd0f-53e4-9fb9-7180b88e4e31,14076d33-9cf9-5b7e-b367-542f6cf56ce3,3,Ae Meri Zohra Jabeen,Manna Dey,4.4,https://www.youtube.com/watch?v=yzvnFNHCeK4,https://music.youtube.com/watch?v=K0sGmxlP68g,https://music.youtube.com/watch?v=Izy-gwR4jF8,,yzvnFNHCeK4,K0sGmxlP68g,Izy-gwR4jF8,
4b5683bf-48d4-5bbb-9a00-287854e4f61c,14076d33-9cf9-5b7e-b367-542f6cf56ce3,6,Kaun Aaya Ki Nigahon Mein Chamak Jaag Uthi,Asha Bhosle,4.5,https://www.youtube.com/watch?v=Nvrs80glMns,https://music.youtube.com/watch?v=Nvrs80glMns,https://music.youtube.com/watch?v=5NEX05-0kQM,https://music.youtube.com/watch?v=7eH1kPG1i1E,Nvrs80glMns,Nvrs80glMns,5NEX05-0kQM,7eH1kPG1i1E
a5507f4d-14c6-588a-b205-705ef7533102,14076d33-9cf9-5b7e-b367-542f6cf56ce3,8,Aage Bhi Jaane Na Tu,Asha Bhosle,4.83,https://www.youtube.com/watch?v=Cm2MqoCvTw8,https://music.youtube.com/watch?v=rUcpOOQCtyU,https://music.youtube.com/watch?v=QWRZeYiRBZs,https://music.youtube.com/watch?v=DwYQZonAfF8,Cm2MqoCvTw8,rUcpOOQCtyU,QWRZeYiRBZs,DwYQZonAfF8
f0ea41c1-32d6-5638-a05a-a7887627451d,1c2cdf92-e9d1-5862-81db-b4fe31213ee5,6,Dil Laga Kar Hum Yeh Samjhe (Female),Asha Bhosle,4.5,https://www.youtube.com/watch?v=ayKkn5Xi2GU,https://music.youtube.com/watch?v=akTA3M6ox8g,https://music.youtube.com/watch?v=9sNRzkY9Ujg,https://music.youtube.com/watch?v=C5vajOz4lE8,ayKkn5Xi2GU,akTA3M6ox8g,9sNRzkY9Ujg,C5vajOz4lE8
a233ce43-e4a2-570b-b75a-e8e553a3bcc7,5985e861-b547-5d46-b963-ba3c66588b86,2,Aur Kuch Der Thehar,Mohammed Rafi,4.33,https://www.youtube.com/watch?v=9cgyClZmaVc,https://music.youtube.com/watch?v=UbtuiyyMIJo,https://music.youtube.com/watch?v=9cgyClZmaVc,https://music.youtube.com/watch?v=iyEyQRhgiqg,9cgyClZmaVc,UbtuiyyMIJo,9cgyClZmaVc,iyEyQRhgiqg
9feef4be-ea52-549c-924f-1e6e6b759b47,5985e861-b547-5d46-b963-ba3c66588b86,5,Rut Jawan Jawan Raat Meharban,Bhupinder Singh,4.4,https://www.youtube.com/watch?v=HWsfaGiIWlg,https://music.youtube.com/watch?v=cox-d7MEerM,https://music.youtube.com/watch?v=Ov8eyVbnpFo,https://music.youtube.com/watch?v=4JeLUNj80yU,HWsfaGiIWlg,cox-d7MEerM,Ov8eyVbnpFo,4JeLUNj80yU
90ee1746-af08-5b64-9425-7cde8a3034c1,660ba8c6-5541-54bc-ad44-c68dfd64655d,3,Suno Sajna Papihe Ne Kaha,Lata Mangeshkar,4.5,https://www.youtube.com/watch?v=iCsa5eG9oo0,https://music.youtube.com/watch?v=koD4c5Fyp0E,https://music.youtube.com/watch?v=iCsa5eG9oo0,https://music.youtube.com/watch?v=2i8B7AJRgT0,iCsa5eG9oo0,koD4c5Fyp0E,iCsa5eG9oo0,2i8B7AJRgT0
b2a6923d-7aa9-591a-a0cf-5063bff3ae83,377545ab-5e94-54a7-a1f0-a227f8035933,1,Jao Re Jogi Tum Jao Re,Lata Mangeshkar,4.33,https://www.youtube.com/watch?v=tFRmLkTCTpc,https://music.youtube.com/watch?v=tFRmLkTCTpc,https://music.youtube.com/watch?v=9-a9Ggv_PSo,https://music.youtube.com/watch?v=Qoed74liEmk,tFRmLkTCTpc,tFRmLkTCTpc,9-a9Ggv_PSo,Qoed74liEmk
6b32c121-dbd1-5cca-97d8-968e1e103e71,377545ab-5e94-54a7-a1f0-a227f8035933,3,Tadap Yeh Din Raat Ki,Lata Mangeshkar,4.33,https://www.youtube.com/watch?v=jow10yFXiD4,https://music.youtube.com/watch?v=F_YrsUl_SzM,https://music.youtube.com/watch?v=jow10yFXiD4,https://music.youtube.com/watch?v=flkTG_TlNWg,jow10yFXiD4,F_YrsUl_SzM,jow10yFXiD4,flkTG_TlNWg
9dee0183-c0ac-5a68-baba-a8b600c14015,91da9271-d3e9-51d9-9059-831f4f863d80,2,Kuch Dil Ne Kaha Kuch Bhi Nahin,Lata Mangeshkar,4.67,http://www.youtube.com/watch?v=69dnqIFfrnE,https://music.youtube.com/watch?v=69dnqIFfrnE,https://music.youtube.com/watch?v=IHVHdCmCftk,https://music.youtube.com/watch?v=UMM9Y6rLWa8,69dnqIFfrnE,69dnqIFfrnE,IHVHdCmCftk,UMM9Y6rLWa8
0044458b-106d-59cf-a05f-66deb8b48ae2,91da9271-d3e9-51d9-9059-831f4f863d80,5,Ya Dil Ki Suno Duniyawalo,Hemant Kumar,4.33,http://www.youtube.com/watch?v=poXBa76JNKk,https://music.youtube.com/watch?v=yYn_d1pMVbc,https://music.youtube.com/watch?v=y_orl_Fl7fQ,https://music.youtube.com/watch?v=FAo673zsfiE,poXBa76JNKk,yYn_d1pMVbc,y_orl_Fl7fQ,FAo673zsfiE
9b9bb139-d13d-5b28-8bc7-ac3a8a3c6596,761ded84-5e70-5ada-81ea-ba4a1672e84f,5,Aap Ke Haseen Rukh Pe Aaj Naya Noor Hai,Mohammed Rafi,4.75,http://www.youtube.com/watch?v=GQblX2TmEZI,https://music.youtube.com/watch?v=yQCu3aWeHc8,https://music.youtube.com/watch?v=dMZyuWMn178,https://music.youtube.com/watch?v=mL6t-SXZmJQ,GQblX2TmEZI,yQCu3aWeHc8,dMZyuWMn178,mL6t-SXZmJQ
ba836349-a238-52d1-8e23-35db699eab75,27a8d1e9-5dc6-574b-927d-8be1b88a7074,1,Usko Nahin Dekha Humne Kabhi,"Manna Dey, Mahendra Kapoor",4.33,https://www.youtube.com/watch?v=I1XWUbWIO9c,https://music.youtube.com/watch?v=OKINDsiebGI,https://music.youtube.com/watch?v=-eTl6WqrizE,https://music.youtube.com/watch?v=TjFijlkXnwc,I1XWUbWIO9c,OKINDsiebGI,-eTl6WqrizE,TjFijlkXnwc
c5d54e62-5f8e-5b6d-8e70-35ada9f713f6,553ed7cc-13ee-5508-b60d-3e5259797ea4,1,Duniya Mein Aisa Kahan Sab Ka Naseeb Hai,Lata Mangeshkar,4.33,https://www.youtube.com/watch?v=HpFwrKCaXiA,https://music.youtube.com/watch?v=_15_zW2EtQ4,https://music.youtube.com/watch?v=MBVL026DzF4,https://music.youtube.com/watch?v=JZfRP6Xr_VU,HpFwrKCaXiA,_15_zW2EtQ4,MBVL026DzF4,JZfRP6Xr_VU
fb9edf33-b372-5830-8d1f-22e6cb273dcf,0f274751-1be9-5a9b-9a24-a45b18f5603c,4,Koi Sagar Dil Ko Bahlata Nahin,Mohammed Rafi,4.75,https://www.youtube.com/watch?v=vNUgAbFQ5lU,https://music.youtube.com/watch?v=vNUgAbFQ5lU,https://music.youtube.com/watch?v=9QYMvPtrJ2k,https://music.youtube.com/watch?v=88jdRlGmypQ,vNUgAbFQ5lU,vNUgAbFQ5lU,9QYMvPtrJ2k,88jdRlGmypQ
f48b0aa2-789d-55d3-b2ad-74e93d9b0c21,0c5af4a8-2ae7-582b-bfd1-488696ae4f82,2,Jab Chali Thandi Hawa,Asha Bhosle,4.5,https://www.youtube.com/watch?v=O3Tc3FHgB9Q,https://music.youtube.com/watch?v=P6Lj8JjnW4g,https://music.youtube.com/watch?v=FFt2iiWS8YA,https://music.youtube.com/watch?v=O3Tc3FHgB9Q,O3Tc3FHgB9Q,P6Lj8JjnW4g,FFt2iiWS8YA,O3Tc3FHgB9Q
3e092285-b068-59cc-81c1-0c932a6cd182,0c5af4a8-2ae7-582b-bfd1-488696ae4f82,4,Raha Gardishon Mein Hardam,Mohammed Rafi,4.5,https://www.youtube.com/watch?v=__OMS-hI9Pk,https://music.youtube.com/watch?v=v2LFMSkoGqE,https://music.youtube.com/watch?v=856dF9vWTLQ,https://music.youtube.com/watch?v=PMzTwX_F9ds,__OMS-hI9Pk,v2LFMSkoGqE,856dF9vWTLQ,PMzTwX_F9ds
66da0717-5a40-5df0-a86f-c4ae9a658f5e,5e37b518-af8b-571b-b4f4-26c56cc51f0d,2,Koi Matwala Aaya Mere Dware,Lata Mangeshkar,4.33,https://www.youtube.com/watch?v=NcEYnnNGuBg,https://music.youtube.com/watch?v=Ak2_YTWSmqI,https://music.youtube.com/watch?v=gq02gotqVUI,https://music.youtube.com/watch?v=NcEYnnNGuBg,NcEYnnNGuBg,Ak2_YTWSmqI,gq02gotqVUI,NcEYnnNGuBg
820ec35e-f53e-5909-83f7-19e88af56091,5e37b518-af8b-571b-b4f4-26c56cc51f0d,4,Mujhe Tum Mil Gaye Humdum,Lata Mangeshkar,4.67,https://www.youtube.com/watch?v=Lz8MAtdu-10,https://music.youtube.com/watch?v=Lz8MAtdu-10,https://music.youtube.com/watch?v=k3jv6NsKC5Y,https://music.youtube.com/watch?v=9m2q2sr3fn8,Lz8MAtdu-10,Lz8MAtdu-10,k3jv6NsKC5Y,9m2q2sr3fn8
810fada5-722b-505d-b1f1-2ea081540ae6,8b538388-9cb9-595a-bfe5-a6d89971c998,3,Rahte The Kabhi Jinke Dil Mein Hum,Lata Mangeshkar,4.75,https://www.youtube.com/watch?v=f0qm2lsEEyo,https://music.youtube.com/watch?v=c6OWlc_riLE,https://music.youtube.com/watch?v=EOjouKj3x0E,https://music.youtube.com/watch?v=Ld0w4DtZ1zo,f0qm2lsEEyo,c6OWlc_riLE,EOjouKj3x0E,Ld0w4DtZ1zo
e55239e3-a0cc-5ee4-936e-1e090a4c56e7,8b538388-9cb9-595a-bfe5-a6d89971c998,6,Rahen Na Rahen Hum (Female),Lata Mangeshkar,5.0,https://www.youtube.com/watch?v=pBosIPDWyr4,https://music.youtube.com/watch?v=gg8GejKsiWc,https://music.youtube.com/watch?v=BDAyzXC-ayE,https://music.youtube.com/watch?v=G9pwxhneRzk,pBosIPDWyr4,gg8GejKsiWc,BDAyzXC-ayE,G9pwxhneRzk
0769bceb-4d9b-5f5c-bf2a-a0c7af569624,8b538388-9cb9-595a-bfe5-a6d89971c998,8,Chhupa Lo Yun Dil Mein Pyar Mera,"Lata Mangeshkar, Hemant Kumar",4.8,https://www.youtube.com/watch?v=PCYoxU5DQOg,https://music.youtube.com/watch?v=rVr29AqvST4,https://music.youtube.com/watch?v=xDcahj-21gc,https://music.youtube.com/watch?v=GXgKgZt9Jik,PCYoxU5DQOg,rVr29AqvST4,xDcahj-21gc,GXgKgZt9Jik
cf80ee71-45da-59b3-9def-19c53ac5d6ba,78edbbce-ec40-52ec-b730-ae31e7825771,3,Naino Me Badra Chhaye,Lata Mangeshkar,4.67,https://www.youtube.com/watch?v=u-g_ocszYeE,https://music.youtube.com/watch?v=izkzefFNGhU,https://music.youtube.com/watch?v=2XoSzFFQ9lI,https://music.youtube.com/watch?v=bl_qbws8vNo,u-g_ocszYeE,izkzefFNGhU,2XoSzFFQ9lI,bl_qbws8vNo
198dd14b-da9b-5917-923f-7c9ed418fe71,78edbbce-ec40-52ec-b730-ae31e7825771,4,Tu Jahan Jahan Chalega Mera Saaya Saath Hoga (Happy),Lata Mangeshkar,4.8,https://www.youtube.com/watch?v=IB1gg-F0eZY,https://music.youtube.com/watch?v=9st5jt9Kwpw,https://music.youtube.com/watch?v=nBTKTB4k1iQ,https://music.youtube.com/watch?v=Pdz0V0vqA4Y,IB1gg-F0eZY,9st5jt9Kwpw,nBTKTB4k1iQ,Pdz0V0vqA4Y
3adcf5b3-2c70-53e9-a085-5ce56c0eae23,e7e59666-ebdc-568e-a0de-9e5d63d35ae6,1,Maar Daalega Dard-E-Jigar,Asha Bhosle,4.5,http://www.youtube.com/watch?v=kOSzjSTjNXg,https://music.youtube.com/watch?v=jnSbbiv0GKw,https://music.youtube.com/watch?v=Xka3_CFjLMc,https://music.youtube.com/watch?v=TlS5hLzg-wo,kOSzjSTjNXg,jnSbbiv0GKw,Xka3_CFjLMc,TlS5hLzg-wo
7b315f85-7eb9-5f03-9670-28aa4ec2566b,e7e59666-ebdc-568e-a0de-9e5d63d35ae6,3,Kajre Badarwa Re,Lata Mangeshkar,4.75,http://www.youtube.com/watch?v=o5UZZXyD73w,https://music.youtube.com/watch?v=PSjVNLdFArw,https://music.youtube.com/watch?v=ZgZv8Qu53I8,https://music.youtube.com/watch?v=d4dxyXBRiNs,o5UZZXyD73w,PSjVNLdFArw,ZgZv8Qu53I8,d4dxyXBRiNs
4bbc0855-761b-5845-8e38-e503e86351d5,505f27de-1ff6-507b-9a70-f04aa05fc339,5,Bas Ek Chup Si Lagi Hai - Female,Lata Mangeshkar,4.33,https://www.youtube.com/watch?v=O8dek7eiEj0,https://music.youtube.com/watch?v=O8dek7eiEj0,https://music.youtube.com/watch?v=b2UCn-Rkwmw,https://music.youtube.com/watch?v=5omcMCiaDBw,O8dek7eiEj0,O8dek7eiEj0,b2UCn-Rkwmw,5omcMCiaDBw
8aee0780-ade9-5914-8507-1d1caf30b13f,fd77884b-4061-53ab-824a-b61c07a25512,7,Zara Haule Haule Chalo More Saajna,Asha Bhosle,4.75,https://www.youtube.com/watch?v=4e-I6IDBgK0,https://music.youtube.com/watch?v=uVkoyT2x_1c,https://music.youtube.com/watch?v=mri8nUtG6eY,https://music.youtube.com/watch?v=-PgGxCZFD5E,4e-I6IDBgK0,uVkoyT2x_1c,mri8nUtG6eY,-PgGxCZFD5E
1f1585a4-ec7d-5d44-9b31-5d03e8f22c57,1d958c78-1c8c-5467-826c-8e4d502f4a14,6,Ek Ritu Aaye Ek Ritu Jaye,"Lata Mangeshkar, Manna Dey",4.5,http://www.youtube.com/watch?v=UFXMazdxgUE,https://music.youtube.com/watch?v=8y_JV2RpTOo,https://music.youtube.com/watch?v=GiprGvFdeXY,https://music.youtube.com/watch?v=Gm-TwhcEaAQ,UFXMazdxgUE,8y_JV2RpTOo,GiprGvFdeXY,Gm-TwhcEaAQ
b26a1899-c49f-523d-a2d3-0ce3f3e56623,272017a6-5f66-5288-9ade-c2e6bbea8a79,1,Aa Aa Bhi Ja Raat Dhalne Lagi,Lata Mangeshkar,4.67,https://www.youtube.com/watch?v=y_pNIhzE1kU,https://music.youtube.com/watch?v=Ev8qnuFTMQo,https://music.youtube.com/watch?v=y_pNIhzE1kU,https://music.youtube.com/watch?v=7_OVD5yi2QI,y_pNIhzE1kU,Ev8qnuFTMQo,y_pNIhzE1kU,7_OVD5yi2QI
3314a462-c1f8-5891-b67c-73c1c14f867f,272017a6-5f66-5288-9ade-c2e6bbea8a79,2,Duniya Banane Wale Kya Tere Man Mein Samaai,Mukesh,4.5,https://www.youtube.com/watch?v=MKkCp0lxuRI,https://music.youtube.com/watch?v=nidBtsSu-AQ,https://music.youtube.com/watch?v=b4nDex-MQNc,https://music.youtube.com/watch?v=dMHzWayYmM0,MKkCp0lxuRI,nidBtsSu-AQ,b4nDex-MQNc,dMHzWayYmM0
4cac6a88-dd92-52c7-8168-0ae252ad310e,532cfd96-4f8c-590c-b9c8-0eaf5d1b9fdb,2,Aaja Aaja Main Hoon Pyar Tera,"Asha Bhosle, Mohammed Rafi",4.6,https://www.youtube.com/watch?v=EOgirs8vE_A,https://music.youtube.com/watch?v=giVM3P2YA58,https://music.youtube.com/watch?v=QXfehez1NlU,https://music.youtube.com/watch?v=02GWrdH4720,EOgirs8vE_A,giVM3P2YA58,QXfehez1NlU,02GWrdH4720
fee40df8-6cf9-5b53-b8fc-8a1c1c24fcc2,532cfd96-4f8c-590c-b9c8-0eaf5d1b9fdb,3,Deewana Mujhsa Nahin Is Ambar Ke Neeche,Mohammed Rafi,4.6,https://www.youtube.com/watch?v=bzg_UveiNMk,https://music.youtube.com/watch?v=4edUZF5CoUQ,https://music.youtube.com/watch?v=0YKUBaUnVUs,https://music.youtube.com/watch?v=uDVgVL67GRM,bzg_UveiNMk,4edUZF5CoUQ,0YKUBaUnVUs,uDVgVL67GRM
e1415beb-dcbc-593e-b995-cda0250ec720,532cfd96-4f8c-590c-b9c8-0eaf5d1b9fdb,5,O Haseena Zulfonwali Jane Jahan,"Asha Bhosle, Mohammed Rafi",4.67,http://www.youtube.com/watch?v=fc6DTHi9Z2s,https://music.youtube.com/watch?v=faGO0J7bw7Q,https://music.youtube.com/watch?v=qz-tzGSv9do,https://music.youtube.com/watch?v=9Wk-JnaEVCo,fc6DTHi9Z2s,faGO0J7bw7Q,qz-tzGSv9do,9Wk-JnaEVCo
407e7bda-54b9-5059-9f5c-0bec4a58af0d,532cfd96-4f8c-590c-b9c8-0eaf5d1b9fdb,6,Tumne Mujhe Dekha Ho Kar Meherban,Mohammed Rafi,4.8,https://www.youtube.com/watch?v=_Xvb3MiOfNg,https://music.youtube.com/watch?v=hJO5G8q202s,https://music.youtube.com/watch?v=8KuNPEAEsTc,https://music.youtube.com/watch?v=9B-bo1cW2L4,_Xvb3MiOfNg,hJO5G8q202s,8KuNPEAEsTc,9B-bo1cW2L4
0f78c7f3-ca13-5089-a1d7-b751b0655977,23b97d26-d5c4-5dd1-ba92-0c0022e5cff6,4,Yehi Woh Jagah Hai Yehi Woh Fizayen,Asha Bhosle,4.8,https://www.youtube.com/watch?v=lUWbc5MaTI0,https://music.youtube.com/watch?v=Mgoao9urHgg,https://music.youtube.com/watch?v=8h3EfEtSNdY,https://music.youtube.com/watch?v=MvEjDRwz-N8,lUWbc5MaTI0,Mgoao9urHgg,8h3EfEtSNdY,MvEjDRwz-N8
65ee194c-b23b-570b-99a7-bef5668de892,41654340-9b54-55ac-82db-c5934f93d4e7,4,Raat Ke Humsafar Thak Ke Ghar Ko Chale,"Asha Bhosle, Mohammed Rafi",4.8,https://www.youtube.com/watch?v=3qWPATzUorI,https://music.youtube.com/watch?v=gaiLaqFiHkg,https://music.youtube.com/watch?v=le5mLkEurco,https://music.youtube.com/watch?v=050ukw4brrA,3qWPATzUorI,gaiLaqFiHkg,le5mLkEurco,050ukw4brrA
9e2a0483-5cbd-55a8-bd6c-7ffc29d42a13,41654340-9b54-55ac-82db-c5934f93d4e7,5,Aasmaan Se Aaya Farishta,Mohammed Rafi,4.33,https://www.youtube.com/watch?v=D9WKFml_dtw,https://music.youtube.com/watch?v=eAwXty7rxBM,https://music.youtube.com/watch?v=UMwRQsn4p4Y,,D9WKFml_dtw,eAwXty7rxBM,UMwRQsn4p4Y,
3c3c7131-73bc-58a1-a313-1106268fb9c5,a8660f02-25ce-5e75-8f54-025baa9c81d5,2,Kya Janoon Sajan Hoti Hai Kya Gham Ki Sham,Lata Mangeshkar,4.67,https://www.youtube.com/watch?v=mye8B9u4sSw,https://music.youtube.com/watch?v=ADYDEx1pvEg,https://music.youtube.com/watch?v=8u3vDCjVVZg,https://music.youtube.com/watch?v=QO8H-lppSxQ,mye8B9u4sSw,ADYDEx1pvEg,8u3vDCjVVZg,QO8H-lppSxQ
d60b8aa4-917d-5dbf-bb7a-bed52db18de4,a8660f02-25ce-5e75-8f54-025baa9c81d5,5,Aaja Piya Tohe Pyar Doon,Lata Mangeshkar,4.5,https://www.youtube.com/watch?v=SSgRiQ6vACg,https://music.youtube.com/watch?v=VPfhI-6UnUg,https://music.youtube.com/watch?v=DN6tt8WLAWs,https://music.youtube.com/watch?v=p9kxCM8blfk,SSgRiQ6vACg,VPfhI-6UnUg,DN6tt8WLAWs,p9kxCM8blfk
297358af-d54d-53e9-abc8-5563ab280b3c,6e383152-7c10-5e2f-a87f-19ecd5c07294,2,Duniya Kare Sawal To Hum Kya Jawab Den,Lata Mangeshkar,5.0,http://www.youtube.com/watch?v=YHqdKJMoEoE,https://music.youtube.com/watch?v=Ac1QzSzo1vI,https://music.youtube.com/watch?v=MosDWr_ORAI,https://music.youtube.com/watch?v=Iur9t0pUUfU,YHqdKJMoEoE,Ac1QzSzo1vI,MosDWr_ORAI,Iur9t0pUUfU
56fed083-4dd1-5643-93f8-6ecc3cdee933,816699b3-d64c-5339-838d-aaf43d6edfc7,6,Ae Sanam Jisne Tujhe,Mukesh,4.33,https://www.youtube.com/watch?v=Kcm4PmdFA80,https://music.youtube.com/watch?v=n9L04sYRA-U,https://music.youtube.com/watch?v=uIKgDXZJ-CQ,https://music.youtube.com/watch?v=Kcm4PmdFA80,Kcm4PmdFA80,n9L04sYRA-U,uIKgDXZJ-CQ,Kcm4PmdFA80
fb089fed-52c7-51dc-a807-c35e0e63515a,6424b99c-7a19-57a4-9039-9b72d9f248fa,1,Yeh Dil Na Hota Bechara,Kishore Kumar,4.6,https://www.youtube.com/watch?v=OG86VR9pTGc,https://music.youtube.com/watch?v=jpbPgpiyATQ,https://music.youtube.com/watch?v=FKRdfz466wE,https://music.youtube.com/watch?v=uoAZfQrdLCY,OG86VR9pTGc,jpbPgpiyATQ,FKRdfz466wE,uoAZfQrdLCY
f3274626-c25d-579d-bcfe-400a69b4352c,6424b99c-7a19-57a4-9039-9b72d9f248fa,2,Rula Ke Gaya Sapna Mera,Lata Mangeshkar,5.0,https://www.youtube.com/watch?v=dCbG9xLTFDs,https://music.youtube.com/watch?v=ybLu7Xgv5nE,https://music.youtube.com/watch?v=o88fLubMHBU,https://music.youtube.com/watch?v=z_JF28HaSLo,dCbG9xLTFDs,ybLu7Xgv5nE,o88fLubMHBU,z_JF28HaSLo
7258d914-b632-5c05-ad81-153003c29050,6424b99c-7a19-57a4-9039-9b72d9f248fa,3,Aasman Ke Neeche Hum Aaj Apne Peechhe,"Lata Mangeshkar, Kishore Kumar",4.6,https://www.youtube.com/watch?v=bz6W0YfiG9U,https://music.youtube.com/watch?v=ntx0nr4P-kQ,https://music.youtube.com/watch?v=ZtIv4YhFeVU,https://music.youtube.com/watch?v=bbfQ32vgV0I,bz6W0YfiG9U,ntx0nr4P-kQ,ZtIv4YhFeVU,bbfQ32vgV0I
05500ef6-98f5-53fe-aad6-11f62db1b1c4,6424b99c-7a19-57a4-9039-9b72d9f248fa,6,Raat Akeli Hai Bujh Gaye Diye,Asha Bhosle,4.67,https://www.youtube.com/watch?v=iznL4WD1MJ8,https://music.youtube.com/watch?v=jTN_GFzlS7o,https://music.youtube.com/watch?v=0IO4NE21Ic4,https://music.youtube.com/watch?v=Su4vvd2thG8,iznL4WD1MJ8,jTN_GFzlS7o,0IO4NE21Ic4,Su4vvd2thG8
fe354825-941c-5b56-8dd9-94e2e1a4e976,6424b99c-7a19-57a4-9039-9b72d9f248fa,7,Hothon Mein Aisi Baat Main Daba Ke Chali Aayi,"Lata Mangeshkar, Bhupinder Singh",5.0,https://www.youtube.com/watch?v=5gSCbjB_52E,https://music.youtube.com/watch?v=5A85BobsR7w,https://music.youtube.com/watch?v=5gSCbjB_52E,https://music.youtube.com/watch?v=ogV8mErXLWY,5gSCbjB_52E,5A85BobsR7w,5gSCbjB_52E,ogV8mErXLWY
aa7d0f5d-0a34-5908-94ab-dbd28cdf3181,6424b99c-7a19-57a4-9039-9b72d9f248fa,8,Dil Pukare Aa Re Aa Re Aa Re,"Lata Mangeshkar, Mohammed Rafi",4.5,https://www.youtube.com/watch?v=oZ3H0MEPXMM,https://music.youtube.com/watch?v=WbSmNEN3wmY,https://music.youtube.com/watch?v=gAQx83ZkuQg,https://music.youtube.com/watch?v=sAXp8N0MYC4,oZ3H0MEPXMM,WbSmNEN3wmY,gAQx83ZkuQg,sAXp8N0MYC4
25aa8d44-a976-5d8e-9325-38a7654d3aa1,d915da18-0c7f-5a57-9c90-f2e7e99a885b,2,Tumhari Zulf Ke Saaye Mein,Mohammed Rafi,4.33,http://www.youtube.com/watch?v=U6zOPOhx_Zk,https://music.youtube.com/watch?v=kuzOhJVcmR0,https://music.youtube.com/watch?v=QCqP3oNwlF0,https://music.youtube.com/watch?v=U6zOPOhx_Zk,U6zOPOhx_Zk,kuzOhJVcmR0,QCqP3oNwlF0,U6zOPOhx_Zk
3f65b57e-4d6c-5ffe-9b2f-460fbcc0ea1e,98dce3c7-d723-5e8d-b5b4-fbfd7de4f295,3,Dil Ki Girah Khol Do,"Lata Mangeshkar, Manna Dey",4.5,https://www.youtube.com/watch?v=O9t-67wFUKY,https://music.youtube.com/watch?v=b_OCiMojEY4,https://music.youtube.com/watch?v=JyZ-i4uJFeY,https://music.youtube.com/watch?v=NiVf8OAbySk,O9t-67wFUKY,b_OCiMojEY4,JyZ-i4uJFeY,NiVf8OAbySk
0689af29-4e9b-58a1-9f2d-9c4c57808b24,98dce3c7-d723-5e8d-b5b4-fbfd7de4f295,4,Awara Ae Mere Dil (Slow),Lata Mangeshkar,4.5,https://www.youtube.com/watch?v=od52eJ0p4FQ,https://music.youtube.com/watch?v=c22Ypbgjqck,https://music.youtube.com/watch?v=D4_LVBw7MJc,https://music.youtube.com/watch?v=LTEVTPZmT6w,od52eJ0p4FQ,c22Ypbgjqck,D4_LVBw7MJc,LTEVTPZmT6w
5de05c56-5c62-5e66-8eb5-878b0a62d66a,98dce3c7-d723-5e8d-b5b4-fbfd7de4f295,9,Awara Ae Mere Dil (Fast),Lata Mangeshkar,5.0,https://www.youtube.com/watch?v=-402m4K7Apc,https://music.youtube.com/watch?v=c22Ypbgjqck,https://music.youtube.com/watch?v=D4_LVBw7MJc,https://music.youtube.com/watch?v=LTEVTPZmT6w,-402m4K7Apc,c22Ypbgjqck,D4_LVBw7MJc,LTEVTPZmT6w
08b063e4-5c23-571f-8151-9746388b1fca,f16db815-732a-5a1c-8e41-c6724c4aa318,1,Akele Hain Chale Aao Jahan Ho (Female),Lata Mangeshkar,4.5,https://www.youtube.com/watch?v=IruJ9kUOYO4,https://music.youtube.com/watch?v=lQPukbFGu_k,https://music.youtube.com/watch?v=IruJ9kUOYO4,https://music.youtube.com/watch?v=wnD5K-cgls0,IruJ9kUOYO4,lQPukbFGu_k,IruJ9kUOYO4,wnD5K-cgls0
a2b64185-8db8-5b0c-a44b-75efd3867e28,f16db815-732a-5a1c-8e41-c6724c4aa318,4,Akele Hain Chale Aao Jahan Ho (Male),Mohammed Rafi,4.5,https://www.youtube.com/watch?v=tcETwRZ2nic,https://music.youtube.com/watch?v=IkrLvHqMv4A,https://music.youtube.com/watch?v=6SniipGPRE8,https://music.youtube.com/watch?v=5GRkGqfhw6Q,tcETwRZ2nic,IkrLvHqMv4A,6SniipGPRE8,5GRkGqfhw6Q
ee83a917-9544-5af4-8a17-4fd0ab3165b5,ceb8675f-e52e-5dd8-8b4a-b9db0fe9bdff,5,Jhir Jhir Barse Sawani Ankhiyan,Lata Mangeshkar,4.5,https://www.youtube.com/watch?v=5nqsAsIZ_x4,https://music.youtube.com/watch?v=5nqsAsIZ_x4,https://music.youtube.com/watch?v=q-1fTwXld2A,https://music.youtube.com/watch?v=tAJJcwimIOs,5nqsAsIZ_x4,5nqsAsIZ_x4,q-1fTwXld2A,tAJJcwimIOs
4663d4fc-b22e-5b7e-976c-a07440dd0d8b,7955d04e-f51e-5a03-ae20-20453ec27724,6,Wadiyan Mera Daaman (Female),Lata Mangeshkar,4.67,https://www.youtube.com/watch?v=HUjxJrh2sNc,https://music.youtube.com/watch?v=iOL7viYdbuQ,https://music.youtube.com/watch?v=k5TJnLPsB2w,https://music.youtube.com/watch?v=HUjxJrh2sNc,HUjxJrh2sNc,iOL7viYdbuQ,k5TJnLPsB2w,HUjxJrh2sNc
6cf2f360-1807-587a-8529-7626cab57041,2cec5456-bae0-51dd-bb25-89bc608f55c3,1,Mehlon Ka Raja Mila,Lata Mangeshkar,4.5,http://www.youtube.com/watch?v=9H6m056i-tU,https://music.youtube.com/watch?v=9H6m056i-tU,https://music.youtube.com/watch?v=AV7fLSw7Mbo,https://music.youtube.com/watch?v=LcUWhSOZNKo,9H6m056i-tU,9H6m056i-tU,AV7fLSw7Mbo,LcUWhSOZNKo
ab7d5141-a15f-5941-83c7-4b6a2be754aa,bbcab80b-e73f-5ece-8dc7-c7564d358055,1,Main Gaaoon Tum So Jao (Happy),Mohammed Rafi,4.5,https://www.youtube.com/watch?v=BcPWX2_0SGc,https://music.youtube.com/watch?v=Ub1QXugRkl8,https://music.youtube.com/watch?v=qeMzP4eZggg,https://music.youtube.com/watch?v=QCAepNfopyg,BcPWX2_0SGc,Ub1QXugRkl8,qeMzP4eZggg,QCAepNfopyg
af4f4295-4649-5e2e-9e68-7f11c374c20f,bbcab80b-e73f-5ece-8dc7-c7564d358055,5,Dil Ke Jharokhe Mein Tujhko Bitha Kar,Mohammed Rafi,4.33,https://www.youtube.com/watch?v=BbV4DpbMrTg,https://music.youtube.com/watch?v=0mnB31dGni4,https://music.youtube.com/watch?v=ToWO_XY6hg8,,BbV4DpbMrTg,0mnB31dGni4,ToWO_XY6hg8,
d995b5d9-966f-5503-acf6-cc72962c2444,551c40e4-d1dd-5e31-a727-a901dede7620,4,Haath Aaya Hai Jab Se Tera Haath Mein,"Asha Bhosle, Mahendra Kapoor",4.5,https://www.youtube.com/watch?v=uKNlthx3Bpo,https://music.youtube.com/watch?v=GCd64vDMuuA,https://music.youtube.com/watch?v=zBS5CnGBlbo,,uKNlthx3Bpo,GCd64vDMuuA,zBS5CnGBlbo,
00aa02c0-a95e-5b0d-808b-a6e9ab289f2b,cd7d0d9e-a7ea-58de-845e-196b01d466c9,2,Hawaon Pe Likh Do Hawaon Ke Naam,Kishore Kumar,4.75,https://www.youtube.com/watch?v=q7qWj3nnwRA,https://music.youtube.com/watch?v=A3CU4rAK4e8,https://music.youtube.com/watch?v=eniiuHJAL3Q,,q7qWj3nnwRA,A3CU4rAK4e8,eniiuHJAL3Q,
4490086b-666a-5170-81ca-b21b81d117ea,5f9e8212-65e2-5222-b7ea-61bd938bc2c2,2,Na Tum Bewafa Ho Na Hum Bewafa Hain,Lata Mangeshkar,4.5,https://www.youtube.com/watch?v=RLEt1sza-Rk,https://music.youtube.com/watch?v=RLEt1sza-Rk,https://music.youtube.com/watch?v=by-bYFBx3sg,https://music.youtube.com/watch?v=hsr82fJBorU,RLEt1sza-Rk,RLEt1sza-Rk,by-bYFBx3sg,hsr82fJBorU
1464b326-a507-5b47-b887-0f14da70fdc7,c02d628c-bb37-59c3-b13a-f8b8a7cbeb67,1,Dil Ki Aawaaz Bhi Sun,Mohammed Rafi,4.75,https://www.youtube.com/watch?v=ZCVJzCWco9U,https://music.youtube.com/watch?v=FCVaZI-j_Ww,https://music.youtube.com/watch?v=ZCVJzCWco9U,https://music.youtube.com/watch?v=jNsPpeqO4BY,ZCVJzCWco9U,FCVaZI-j_Ww,ZCVJzCWco9U,jNsPpeqO4BY
210544e7-6f2a-50ae-b459-2a6c30fa5f17,c02d628c-bb37-59c3-b13a-f8b8a7cbeb67,4,Woh Haseen Dard De Do,Asha Bhosle,4.75,https://www.youtube.com/watch?v=ZWCwYIYyMpo,https://music.youtube.com/watch?v=Cpadpk2zFt0,https://music.youtube.com/watch?v=ZWCwYIYyMpo,https://music.youtube.com/watch?v=GokjC0Pmq_o,ZWCwYIYyMpo,Cpadpk2zFt0,ZWCwYIYyMpo,GokjC0Pmq_o
c579e97e-0640-52ef-a19c-6e2bfbbb9671,b6f0b37f-7b46-5fc0-aaa4-b257c8eb257e,1,Likhe Jo Khat Tujhe Woh Teri Yaad Mein,Mohammed Rafi,4.5,https://www.youtube.com/watch?v=E1xPY3OiuzI,https://music.youtube.com/watch?v=7Ku7g4OPEk4,https://music.youtube.com/watch?v=eAXSrnHDlfQ,https://music.youtube.com/watch?v=tDq9ts-9tI0,E1xPY3OiuzI,7Ku7g4OPEk4,eAXSrnHDlfQ,tDq9ts-9tI0
9c647089-30ee-5156-8412-561692a59ccd,4a7f33aa-6f1b-5f55-be71-6cfb901e0571,2,Kajra Mohabbat Wala Ankhiyon Mein Aisa Daala,"Asha Bhosle, Shamshad Begum",4.5,https://www.youtube.com/watch?v=zTjxCSvY9cs,https://music.youtube.com/watch?v=i7OMJ8-whDc,https://music.youtube.com/watch?v=bDoDLp71LU8,https://music.youtube.com/watch?v=15sI-BGml5Q,zTjxCSvY9cs,i7OMJ8-whDc,bDoDLp71LU8,15sI-BGml5Q
41bad7a3-6c29-5b2e-a88d-4b122c887e95,4a7f33aa-6f1b-5f55-be71-6cfb901e0571,4,Aao Huzoor Tumko Sitaron Mein Le Chaloon,Asha Bhosle,4.67,https://www.youtube.com/watch?v=J5mRZ2Lz1ds,https://music.youtube.com/watch?v=zGlGq14lClg,https://music.youtube.com/watch?v=S4x7gRhdQlY,https://music.youtube.com/watch?v=BstpI8pyP24,J5mRZ2Lz1ds,zGlGq14lClg,S4x7gRhdQlY,BstpI8pyP24
6f1042af-0096-5c52-9645-260d3f24e623,4a7f33aa-6f1b-5f55-be71-6cfb901e0571,5,Lakhon Hain Yahan Dilwale,Mahendra Kapoor,4.33,https://www.youtube.com/watch?v=ZFY5pPpDeCg,https://music.youtube.com/watch?v=TXLxM3dLQZY,https://music.youtube.com/watch?v=hIOXNiP7HJo,https://music.youtube.com/watch?v=apdGSq-Et8w,ZFY5pPpDeCg,TXLxM3dLQZY,hIOXNiP7HJo,apdGSq-Et8w
8a86e141-6ea1-5d10-a1e4-ef5a106dbb4e,6849dc53-fdd3-5d28-9cd4-6634050a316b,1,Mere Saamnewali Khidki Mein (Happy),Kishore Kumar,4.83,http://www.youtube.com/watch?v=S0WPSYFm7iE,https://music.youtube.com/watch?v=6RchbVJpJRI,https://music.youtube.com/watch?v=S0WPSYFm7iE,,S0WPSYFm7iE,6RchbVJpJRI,S0WPSYFm7iE,
af377d26-2aea-5048-9207-368db9af4478,6849dc53-fdd3-5d28-9cd4-6634050a316b,6,Kehna Hai Kehna Hai Aaj Tumse Ye Pehli Baar,Kishore Kumar,4.8,http://www.youtube.com/watch?v=Ewj3fShfZow,https://music.youtube.com/watch?v=oNJB2n5SuTk,https://music.youtube.com/watch?v=fX7nlTsDEZM,,Ewj3fShfZow,oNJB2n5SuTk,fX7nlTsDEZM,
702f7e1e-3b5f-59c4-bb5f-169e9cee84c6,6849dc53-fdd3-5d28-9cd4-6634050a316b,7,Ek Chatur Naar Karke Singaar,"Kishore Kumar, Manna Dey, Mahmood - I",4.67,http://www.youtube.com/watch?v=9HwrMGpFaik,https://music.youtube.com/watch?v=lGfTQ-YFjIE,https://music.youtube.com/watch?v=CeVneAR-dEM,https://music.youtube.com/watch?v=jZPg7HPouVM,9HwrMGpFaik,lGfTQ-YFjIE,CeVneAR-dEM,jZPg7HPouVM
dea3fe26-b897-5cf9-a069-a9dc77d7b176,17bea303-69be-5f13-8ca0-b18e06000a6e,5,Yeh Kaun Aaya Roshan Ho Gayi,Lata Mangeshkar,4.67,https://www.youtube.com/watch?v=q3PQUYdPD6s,https://music.youtube.com/watch?v=2bnQo-Nq5Q4,https://music.youtube.com/watch?v=3VmhAg9lU70,https://music.youtube.com/watch?v=5QWWKdq3VMc,q3PQUYdPD6s,2bnQo-Nq5Q4,3VmhAg9lU70,5QWWKdq3VMc
f1c67d59-9988-56e1-868a-a8f161d49ec7,257e981a-5c51-5a99-a22f-5194ea777822,1,Chandan Sa Badan Chanchal Chitwan (Male),Mukesh,4.67,https://www.youtube.com/watch?v=O_ZFtaonBPQ,https://music.youtube.com/watch?v=k09CU9_QAdo,https://music.youtube.com/watch?v=1actomFUY_E,https://music.youtube.com/watch?v=DotGFhhu438,O_ZFtaonBPQ,k09CU9_QAdo,1actomFUY_E,DotGFhhu438
1a38d24f-1c23-5c5e-a4c4-b894a69082e2,257e981a-5c51-5a99-a22f-5194ea777822,2,Chhod De Saari Duniya Kisi Ke Liye,Lata Mangeshkar,4.75,https://www.youtube.com/watch?v=FFW6dBHPcTo,https://music.youtube.com/watch?v=FFW6dBHPcTo,https://music.youtube.com/watch?v=GDCqecC99oA,https://music.youtube.com/watch?v=xMbqVvFFtcQ,FFW6dBHPcTo,FFW6dBHPcTo,GDCqecC99oA,xMbqVvFFtcQ
f1e8b3c6-f4ed-5bb6-b01d-b42903aedd0d,257e981a-5c51-5a99-a22f-5194ea777822,5,Phool Tumhein Bheja Hai Khat Mein,"Lata Mangeshkar, Mukesh",4.4,https://www.youtube.com/watch?v=lA2q61bFO3s,https://music.youtube.com/watch?v=-PFnSThL_gI,https://music.youtube.com/watch?v=QAoaFYOVjR0,https://music.youtube.com/watch?v=4vjM4ZicOX8,lA2q61bFO3s,-PFnSThL_gI,QAoaFYOVjR0,4vjM4ZicOX8
09064a5f-829f-561b-a32e-cca41971c633,0834cc45-624d-55c6-9259-425e27c02380,1,Parde Mein Rehne Do Parda Na Uthao,Asha Bhosle,4.33,https://www.youtube.com/watch?v=N3raF-aFdgQ,https://music.youtube.com/watch?v=Yd3ezXh_vTc,https://music.youtube.com/watch?v=g8UbNFehcl0,https://music.youtube.com/watch?v=ua4coiQE9rQ,N3raF-aFdgQ,Yd3ezXh_vTc,g8UbNFehcl0,ua4coiQE9rQ
19e3e917-fd73-542c-90d1-9e8512ce86be,74eb273d-d4d2-5c28-9969-9b982ef83f92,5,Yeh Parbaton Ke Daayre,"Lata Mangeshkar, Mohammed Rafi",4.33,https://www.youtube.com/watch?v=MlKJT6C_xzc,https://music.youtube.com/watch?v=hZpBvNrsGI4,https://music.youtube.com/watch?v=MlKJT6C_xzc,https://music.youtube.com/watch?v=6XncJSiZLs0,MlKJT6C_xzc,hZpBvNrsGI4,MlKJT6C_xzc,6XncJSiZLs0
498c7c3d-2bf7-5484-b46c-438a521a4250,234287c5-c795-5863-98d6-df2e7c347a65,1,Roop Tera Mastana Pyar Mera Deewana,Kishore Kumar,4.8,https://www.youtube.com/watch?v=wKQVoA9UVEQ,https://music.youtube.com/watch?v=wKQVoA9UVEQ,https://music.youtube.com/watch?v=Dv0_Oto5QdI,https://music.youtube.com/watch?v=0ti_jxVWX3M,wKQVoA9UVEQ,wKQVoA9UVEQ,Dv0_Oto5QdI,0ti_jxVWX3M
00a153bf-6d11-5aed-bbeb-16fb5b0e7b17,234287c5-c795-5863-98d6-df2e7c347a65,2,Gunguna Rahe Hain Bhanware Khil Rahi Hain Kali Kali,"Asha Bhosle, Mohammed Rafi",4.5,https://www.youtube.com/watch?v=e0sCtjorpRk,https://music.youtube.com/watch?v=Vor6E1BEdQA,https://music.youtube.com/watch?v=uGYlLjmAJTM,,e0sCtjorpRk,Vor6E1BEdQA,uGYlLjmAJTM,
3ab9828a-f478-55d2-b1d8-17ed35d1d3bd,234287c5-c795-5863-98d6-df2e7c347a65,3,Mere Sapnon Ki Rani Kab Aayegi Tu,Kishore Kumar,4.83,https://www.youtube.com/watch?v=-Q8mrKJ1Jps,https://music.youtube.com/watch?v=RVeLrwoB_xw,https://music.youtube.com/watch?v=pHD9EVK2vVc,https://music.youtube.com/watch?v=BbJj7GAvyO8,-Q8mrKJ1Jps,RVeLrwoB_xw,pHD9EVK2vVc,BbJj7GAvyO8
97c1a985-1a54-5e04-9da0-9f9beb763181,234287c5-c795-5863-98d6-df2e7c347a65,4,Baghon Mein Bahaar Hai,"Lata Mangeshkar, Mohammed Rafi",4.33,https://www.youtube.com/watch?v=cGvPWwfj0TA,https://music.youtube.com/watch?v=8f4x87LBHiE,https://music.youtube.com/watch?v=3KnkLLp8eQQ,https://music.youtube.com/watch?v=2zC-lzk-K0g,cGvPWwfj0TA,8f4x87LBHiE,3KnkLLp8eQQ,2zC-lzk-K0g
5a1ed1ef-25e7-5ca2-ab8d-24c559379ffd,234287c5-c795-5863-98d6-df2e7c347a65,5,Kora Kagaz Tha Yeh Man Mera,"Lata Mangeshkar, Kishore Kumar",4.67,https://www.youtube.com/watch?v=kqXs4GGp8bw,https://music.youtube.com/watch?v=50NYGFNDbMg,https://music.youtube.com/watch?v=S0xpSmA-tWg,https://music.youtube.com/watch?v=dEHLixSgs6k,kqXs4GGp8bw,50NYGFNDbMg,S0xpSmA-tWg,dEHLixSgs6k
fc556d0f-9c40-5813-a514-51a758adcb10,234287c5-c795-5863-98d6-df2e7c347a65,7,Saphal Hogi Teri Aradhana (Kaahe Ko Roye),S.D. Burman,4.33,https://www.youtube.com/watch?v=NWQntkgTIwM,https://music.youtube.com/watch?v=NWQntkgTIwM,https://music.youtube.com/watch?v=ft9jKix8ckg,https://music.youtube.com/watch?v=1y23s6lQ5iM,NWQntkgTIwM,NWQntkgTIwM,ft9jKix8ckg,1y23s6lQ5iM
3ce38c6c-75bd-59f6-97b2-21b30e7c5bc4,d6a8ec0c-df0c-5779-b9a6-15fa23f5ec7f,1,Teri Aankhon Ke Siva Duniya Mein Rakha Kya Hai - Female,Lata Mangeshkar,4.5,http://www.youtube.com/watch?v=xi0aooZDD6w,https://music.youtube.com/watch?v=aMobzIUQLYs,https://music.youtube.com/watch?v=uenljVI2a0c,https://music.youtube.com/watch?v=u8bR1EnxhLY,xi0aooZDD6w,aMobzIUQLYs,uenljVI2a0c,u8bR1EnxhLY
845555b8-29f8-57cd-8fb9-13c01c307b75,d6a8ec0c-df0c-5779-b9a6-15fa23f5ec7f,4,Teri Aankhon Ke Siva Duniya Mein Rakha Kya Hai - Male,Mohammed Rafi,4.33,http://www.youtube.com/watch?v=hD6pJW-CX0E,https://music.youtube.com/watch?v=LeKLcLXdsxY,https://music.youtube.com/watch?v=R2MKxrlY9xE,https://music.youtube.com/watch?v=yTv0QC96BcE,hD6pJW-CX0E,LeKLcLXdsxY,R2MKxrlY9xE,yTv0QC96BcE
866bd429-11c4-5ff3-a4ec-4e6c81d74641,941f2a2c-4564-560b-b2bf-7bc9409731c0,1,Mere Naseeb Mein Ae Dost Tera Pyar Nahin,Kishore Kumar,4.5,http://www.youtube.com/watch?v=aPVvXlnV3Vg,https://music.youtube.com/watch?v=P07kGzaOuTw,https://music.youtube.com/watch?v=aPVvXlnV3Vg,https://music.youtube.com/watch?v=_EWyO1GIFzM,aPVvXlnV3Vg,P07kGzaOuTw,aPVvXlnV3Vg,_EWyO1GIFzM
6b383133-85ee-5ff9-bd42-19cb3c7ddaa1,eaf29182-a622-5ae4-91d3-7742599465d5,4,Aa Jaane Jaan,Lata Mangeshkar,4.6,https://www.youtube.com/watch?v=WQHvDm9b9iI,https://music.youtube.com/watch?v=7Bas9B8ZMzk,https://music.youtube.com/watch?v=U6x2pOz-RUE,https://music.youtube.com/watch?v=XMueQRVqFBE,WQHvDm9b9iI,7Bas9B8ZMzk,U6x2pOz-RUE,XMueQRVqFBE
30b77a27-9ec8-52d3-9b17-7d678553d684,60ecd9b3-51de-57ef-8357-630200df334d,1,Soch Ke Ye Gagan Jhoome,"Lata Mangeshkar, Manna Dey",4.4,http://www.youtube.com/watch?v=qVyTVJ1HeNs,https://music.youtube.com/watch?v=XpaDlOI-9Hk,https://music.youtube.com/watch?v=rHUe7ezy2ww,https://music.youtube.com/watch?v=p3A4ODkMGpo,qVyTVJ1HeNs,XpaDlOI-9Hk,rHUe7ezy2ww,p3A4ODkMGpo
8cc60a7a-e3d1-5efe-94f7-f2313ae170bf,94e2d0dd-5277-5d40-aacd-328b8fb22124,1,Tum Pukar Lo Tumhara Intezar Hai,Hemant Kumar,4.8,https://www.youtube.com/watch?v=Oo3bE64YJig,https://music.youtube.com/watch?v=SESYUUrwtzc,https://music.youtube.com/watch?v=hpna91cR6ZU,https://music.youtube.com/watch?v=y54i0s30uWQ,Oo3bE64YJig,SESYUUrwtzc,hpna91cR6ZU,y54i0s30uWQ
3b4c44f6-c217-5a5e-8143-ba85537c4089,94e2d0dd-5277-5d40-aacd-328b8fb22124,3,Humne Dekhi Hai Un Aankhon Ki Mahekti Khushboo,Lata Mangeshkar,4.83,https://www.youtube.com/watch?v=doPtBhDTpj0,https://music.youtube.com/watch?v=Q4HsAWecWAc,https://music.youtube.com/watch?v=doPtBhDTpj0,,doPtBhDTpj0,Q4HsAWecWAc,doPtBhDTpj0,
54196c97-a21d-5a6a-9f34-39b7b027f3c5,94e2d0dd-5277-5d40-aacd-328b8fb22124,4,Woh Sham Kuch Ajeeb Thi,Kishore Kumar,4.8,https://www.youtube.com/watch?v=cwbnUFul5tE,https://music.youtube.com/watch?v=D5VMLZjZ5iU,https://music.youtube.com/watch?v=MDXFi3avqo0,https://music.youtube.com/watch?v=E_I6gwrIAr0,cwbnUFul5tE,D5VMLZjZ5iU,MDXFi3avqo0,E_I6gwrIAr0
1cc2a19a-7631-5ae4-9da6-427999acc353,cffa58c2-e3ec-55ef-aaf9-76c13079659b,1,Ankhon Ankhon Mein Hum Tum Ho Gaye Deewane,"Asha Bhosle, Kishore Kumar",4.5,https://www.youtube.com/watch?v=lBt7wtmlVVc,https://music.youtube.com/watch?v=3gADoivNR-U,,,lBt7wtmlVVc,3gADoivNR-U,,
45182d11-7168-58ca-90f2-b78f65f9f57d,cffa58c2-e3ec-55ef-aaf9-76c13079659b,2,Yeh Duniyawale Poochhenge,"Asha Bhosle, Kishore Kumar",4.57,https://www.youtube.com/watch?v=JLZ9kq-b9SE,https://music.youtube.com/watch?v=of467JDI9mg,https://music.youtube.com/watch?v=LTe_6vT9nOc,https://music.youtube.com/watch?v=ZacFXmav2Gk,JLZ9kq-b9SE,of467JDI9mg,LTe_6vT9nOc,ZacFXmav2Gk
64330ce2-b9cf-519b-8ff3-ec191bd86e83,e49b8446-3d93-5d4d-b122-02685a596276,1,Phoolon Ke Rang Se,Kishore Kumar,4.56,https://www.youtube.com/watch?v=mZRJfQluJTM,https://music.youtube.com/watch?v=DYQIAqxstGE,https://music.youtube.com/watch?v=gna2zDBjQb8,https://music.youtube.com/watch?v=ryYKumXcp3U,mZRJfQluJTM,DYQIAqxstGE,gna2zDBjQb8,ryYKumXcp3U
953fb67d-b0cb-59ed-98a9-3817c9b2aad0,e49b8446-3d93-5d4d-b122-02685a596276,2,Rangeela Re Tere Rang Mein Yun Ranga Hai Mera Mann,Lata Mangeshkar,4.5,https://www.youtube.com/watch?v=GzJCS7IiyJc,https://music.youtube.com/watch?v=-HRtmIl-jeo,https://music.youtube.com/watch?v=fdS4jWT_7vE,https://music.youtube.com/watch?v=GzJCS7IiyJc,GzJCS7IiyJc,-HRtmIl-jeo,fdS4jWT_7vE,GzJCS7IiyJc
9ea1fbb2-3a07-5d3a-babe-80378e8e6f52,f016ba0d-38e7-5724-a04f-3b6acfc5dc2a,1,Main Kahin Kavi Na Ban Jaoon,Mohammed Rafi,4.33,https://www.youtube.com/watch?v=ClNxYSahjZk,https://music.youtube.com/watch?v=yRbHRd-rn30,https://music.youtube.com/watch?v=kBvY9YlHva0,https://music.youtube.com/watch?v=fM_6m8pqKTo,ClNxYSahjZk,yRbHRd-rn30,kBvY9YlHva0,fM_6m8pqKTo
09b6fe49-228a-5071-92f5-ad5c2d94639c,b5ebbd3a-fc40-5c6e-8f74-4f4372d37223,5,Tum Bin Jaoon Kahan - 2 (Happy),Kishore Kumar,4.83,https://www.youtube.com/watch?v=y6a6AE2R6zo,https://music.youtube.com/watch?v=LIKTuZKPThU,https://music.youtube.com/watch?v=DbD06TA6DGY,https://music.youtube.com/watch?v=o8iSojuK7QU,y6a6AE2R6zo,LIKTuZKPThU,DbD06TA6DGY,o8iSojuK7QU
1e18c509-b609-5789-9e98-62b4e2c31068,b87dce50-4734-5a7d-9b12-7e25b0c23c29,6,Palkon Ke Peechhe Se,"Lata Mangeshkar, Mohammed Rafi",4.33,https://www.youtube.com/watch?v=o-KowP8sNiQ,https://music.youtube.com/watch?v=G1OX-DYtFcY,https://music.youtube.com/watch?v=V7Ev50xskIg,,o-KowP8sNiQ,G1OX-DYtFcY,V7Ev50xskIg,
5853513c-81f9-546c-8b2c-fd33089366e5,f6ee2a95-1d59-5f1f-bd7c-b11fa6eb6221,1,Kahin Door Jab Din Dhal Jaye,Mukesh,4.71,https://www.youtube.com/watch?v=wjYK67cgNKc,https://music.youtube.com/watch?v=g_4wE-jgFP8,https://music.youtube.com/watch?v=gu9q6A9w8L8,https://music.youtube.com/watch?v=QyHotPZMHZY,wjYK67cgNKc,g_4wE-jgFP8,gu9q6A9w8L8,QyHotPZMHZY
ec423e97-cd55-5c87-a5f4-7abdc3c6292c,f6ee2a95-1d59-5f1f-bd7c-b11fa6eb6221,2,Zindagi Kaisi Hai Paheli Haay,Manna Dey,4.86,https://www.youtube.com/watch?v=-y6_cFZsMJA,https://music.youtube.com/watch?v=cP44iDZZ_wY,https://music.youtube.com/watch?v=1JxEV-oGcYg,https://music.youtube.com/watch?v=cUHuUruJv3Q,-y6_cFZsMJA,cP44iDZZ_wY,1JxEV-oGcYg,cUHuUruJv3Q
56ca73ca-7aee-5625-b7b0-0dcb776e92b6,f6ee2a95-1d59-5f1f-bd7c-b11fa6eb6221,3,Naa Jiya Laage Naa,Lata Mangeshkar,4.78,https://www.youtube.com/watch?v=hdX_sQr19Yo,https://music.youtube.com/watch?v=TlRHFDtyfjI,https://music.youtube.com/watch?v=G_K9X5fq5Qw,,hdX_sQr19Yo,TlRHFDtyfjI,G_K9X5fq5Qw,
b2534bc2-43c7-5400-8ab5-3d2af78dad33,f6ee2a95-1d59-5f1f-bd7c-b11fa6eb6221,4,Maine Tere Liye Hi Saat Rang Ke Sapne Chune,Mukesh,4.8,https://www.youtube.com/watch?v=MH_Q8YCS7CI,https://music.youtube.com/watch?v=MH_Q8YCS7CI,https://music.youtube.com/watch?v=EAmWADK7ZS4,https://music.youtube.com/watch?v=guEIGguvjTE,MH_Q8YCS7CI,MH_Q8YCS7CI,EAmWADK7ZS4,guEIGguvjTE
e997ebe0-9dc1-5e74-9807-7b83ea1fe2e9,89ad899e-6d48-5e22-8a81-622d5efe8b52,1,Baiyan Naa Dharo O Balma,Lata Mangeshkar,4.57,https://www.youtube.com/watch?v=_-Wd1Dg1vvY,https://music.youtube.com/watch?v=C7KTz3_vfx0,https://music.youtube.com/watch?v=_-Wd1Dg1vvY,https://music.youtube.com/watch?v=HKky-_T85XU,_-Wd1Dg1vvY,C7KTz3_vfx0,_-Wd1Dg1vvY,HKky-_T85XU
c554b0a6-af5b-599a-89b0-d06303a30f61,89ad899e-6d48-5e22-8a81-622d5efe8b52,2,Maai Ri Main Kaase Kahoon,Lata Mangeshkar,4.33,https://www.youtube.com/watch?v=yX0otJFfBlo,https://music.youtube.com/watch?v=ufKD4TBi8q0,https://music.youtube.com/watch?v=GmJjVvPvxrg,https://music.youtube.com/watch?v=EGR4UhMXWWY,yX0otJFfBlo,ufKD4TBi8q0,GmJjVvPvxrg,EGR4UhMXWWY
742d3614-4131-5c18-8473-6e226fdf3a55,cb793fc9-d7ad-5b6e-b08d-ad3cbf4ef722,3,Sama Hai Suhana Suhana Nashe Mein Jahan Hai,Kishore Kumar,4.75,https://www.youtube.com/watch?v=-80vzCK3NEg,https://music.youtube.com/watch?v=sjayO2GdpT4,https://music.youtube.com/watch?v=I-mmmuK981k,https://music.youtube.com/watch?v=tmTv5oUscvQ,-80vzCK3NEg,sjayO2GdpT4,I-mmmuK981k,tmTv5oUscvQ
18fb04d2-41aa-544b-aeba-975b47edfa84,a7243a1d-8048-5b3c-a62d-02d2debe5087,2,Pyar Deewana Hota Hai,Kishore Kumar,4.6,https://www.youtube.com/watch?v=hV7EAqGy5y8,https://music.youtube.com/watch?v=gKyUhjoto9o,https://music.youtube.com/watch?v=2aHY7XDLWpo,https://music.youtube.com/watch?v=GNjwYtSUH9I,hV7EAqGy5y8,gKyUhjoto9o,2aHY7XDLWpo,GNjwYtSUH9I
6fcbe3cf-0022-5f8f-889f-26d7a23bc41b,a7243a1d-8048-5b3c-a62d-02d2debe5087,5,Yeh Sham Mastani Madhosh Kiye Jaye,Kishore Kumar,4.89,https://www.youtube.com/watch?v=wp7zOathDFo,https://music.youtube.com/watch?v=OvIiFQ0_MIA,https://music.youtube.com/watch?v=JNtZj3NaUFw,https://music.youtube.com/watch?v=tNrpDUn9vxI,wp7zOathDFo,OvIiFQ0_MIA,JNtZj3NaUFw,tNrpDUn9vxI
d53be912-5b47-5760-9d3a-c3fc1865ef85,a7243a1d-8048-5b3c-a62d-02d2debe5087,7,Yeh Jo Mohabbat Hai,Kishore Kumar,4.75,https://www.youtube.com/watch?v=9rq50DlsxC4,https://music.youtube.com/watch?v=16pz4wFVc_w,https://music.youtube.com/watch?v=-iRVbk5PpDk,https://music.youtube.com/watch?v=y0o1QlnbTcM,9rq50DlsxC4,16pz4wFVc_w,-iRVbk5PpDk,y0o1QlnbTcM
43d8c67a-48f2-5a27-abbf-749e38f773fa,83ee09a4-26a3-5dcf-815f-666dde952aa4,7,Jeena Yahan Marna Yahan,Mukesh,4.5,https://www.youtube.com/watch?v=JNyjRLyAEso,https://music.youtube.com/watch?v=ksayR__APwM,https://music.youtube.com/watch?v=D9B9tbKyTAI,https://music.youtube.com/watch?v=7EG6jiNO4vY,JNyjRLyAEso,ksayR__APwM,D9B9tbKyTAI,7EG6jiNO4vY
1bb70d72-f7bc-595a-a271-a9210e7b0a7a,9dc58a18-284f-5874-99b1-8b9e30886e14,1,Teri Duniya Se Hoke Majboor Chala,Kishore Kumar,4.5,https://www.youtube.com/watch?v=lVSfOIlAGSI,https://music.youtube.com/watch?v=F4vnfZ2Did4,https://music.youtube.com/watch?v=TFcD0Q0uqF4,https://music.youtube.com/watch?v=McIpm6c9mbY,lVSfOIlAGSI,F4vnfZ2Did4,TFcD0Q0uqF4,McIpm6c9mbY
ff73f551-4acd-5d65-9f69-0b949d4c7f4b,341edfe1-03ce-5dab-bd39-610e0dfa9efd,1,Zindagi Ka Safar Hai Ye Kaisa Safar,Kishore Kumar,4.71,https://www.youtube.com/watch?v=vLpRfaRiDnk,https://music.youtube.com/watch?v=jA5aiO-oCkw,https://music.youtube.com/watch?v=XGsx6Yi7a_Y,https://music.youtube.com/watch?v=PlvbOdXEcIA,vLpRfaRiDnk,jA5aiO-oCkw,XGsx6Yi7a_Y,PlvbOdXEcIA
7905f28f-55fb-5432-baea-a586b92de2a5,341edfe1-03ce-5dab-bd39-610e0dfa9efd,2,Jo Tumko Ho Pasand Wohi Baat Kahenge,Mukesh,4.67,https://www.youtube.com/watch?v=efU70mxXV5w,https://music.youtube.com/watch?v=Oi8SsVIFpQQ,https://music.youtube.com/watch?v=sm-GmHZSmCM,https://music.youtube.com/watch?v=vuZvNnIf8jQ,efU70mxXV5w,Oi8SsVIFpQQ,sm-GmHZSmCM,vuZvNnIf8jQ
e4c92921-d2d8-5a86-abbc-7cee4f5c79fa,341edfe1-03ce-5dab-bd39-610e0dfa9efd,5,Hum The Jinke Sahare Woh Hue Naa Hamare,Lata Mangeshkar,4.75,https://www.youtube.com/watch?v=XOVUZsk8wto,https://music.youtube.com/watch?v=VQVt_21W7sM,https://music.youtube.com/watch?v=NmWLx2wtUR8,https://music.youtube.com/watch?v=XqB2HjNkQAM,XOVUZsk8wto,VQVt_21W7sM,NmWLx2wtUR8,XqB2HjNkQAM
4707f9e4-1c4c-50a6-9cd0-20735389f1c2,341edfe1-03ce-5dab-bd39-610e0dfa9efd,6,Jeevan Se Bhari Teri Aankhen,Kishore Kumar,4.71,https://www.youtube.com/watch?v=K6H4vxLuc7U,https://music.youtube.com/watch?v=3jr36S-PH0A,https://music.youtube.com/watch?v=yDSleo2udHs,https://music.youtube.com/watch?v=J6LK4AQUk0U,K6H4vxLuc7U,3jr36S-PH0A,yDSleo2udHs,J6LK4AQUk0U
a2f8b28b-9f1f-5e00-9868-1d50ca537591,6bd48d68-1344-5c50-8ac2-83661b8dddbc,1,Gulabi Aankhen Jo Teri Dekhi,Mohammed Rafi,4.67,https://www.youtube.com/watch?v=6Z3DO-OFIjQ,https://music.youtube.com/watch?v=SLT4HF7nHKc,https://music.youtube.com/watch?v=Cpkx5dSjiuA,https://music.youtube.com/watch?v=nWbBIf5_LTY,6Z3DO-OFIjQ,SLT4HF7nHKc,Cpkx5dSjiuA,nWbBIf5_LTY
d0a08893-f4a6-58a9-b701-1e00e22a8d29,6bd48d68-1344-5c50-8ac2-83661b8dddbc,2,O Meri Jaan Maine Kaha,"Asha Bhosle, R.D. Burman",4.33,https://www.youtube.com/watch?v=eXd7N0QsCH0,https://music.youtube.com/watch?v=FimNMUpyeCk,https://music.youtube.com/watch?v=nf5pIWi2Pg8,https://music.youtube.com/watch?v=s65aA9eiyTg,eXd7N0QsCH0,FimNMUpyeCk,nf5pIWi2Pg8,s65aA9eiyTg
36941471-3f70-5851-86e7-ec96bb44c1cb,0f335c80-afad-55b6-9d66-2ad6c23689fc,5,Mujhe Teri Mohabbat Ka Sahara Mil Gaya Hota,"Mohammed Rafi, Lata Mangeshkar",4.67,https://www.youtube.com/watch?v=Qv1idZity_c,https://music.youtube.com/watch?v=Yru8qG-cIMc,https://music.youtube.com/watch?v=0YT_qhlq-JY,https://music.youtube.com/watch?v=l5o93XNP0PQ,Qv1idZity_c,Yru8qG-cIMc,0YT_qhlq-JY,l5o93XNP0PQ
f801a780-91c1-5a56-8ca6-6a030f3df3fa,3b4d93c9-3604-5a0f-853c-15852a88a93c,1,Chingari Koi Bhadke,Kishore Kumar,4.76,https://www.youtube.com/watch?v=-PwDZUbHpuI,https://music.youtube.com/watch?v=EUC7Phj7ngE,https://music.youtube.com/watch?v=AksD5sGO01c,https://music.youtube.com/watch?v=SPsvh1k_B7c,-PwDZUbHpuI,EUC7Phj7ngE,AksD5sGO01c,SPsvh1k_B7c
932bf5e9-aa41-5a9e-8bbe-7eca17b6389d,3b4d93c9-3604-5a0f-853c-15852a88a93c,2,Raina Beeti Jaye,Lata Mangeshkar,4.91,https://www.youtube.com/watch?v=onlZVNKqhYQ,https://music.youtube.com/watch?v=8vEvbY51VWw,,,onlZVNKqhYQ,8vEvbY51VWw,,
8941584d-2c02-5d74-a4ca-adcfed43459a,3b4d93c9-3604-5a0f-853c-15852a88a93c,3,Yeh Kya Hua,Kishore Kumar,4.62,https://www.youtube.com/watch?v=BmAoNKeI6ZQ,https://music.youtube.com/watch?v=iZF46F2FlvI,https://music.youtube.com/watch?v=8XHGPQJwIvE,https://music.youtube.com/watch?v=SjT5SzCbkUo,BmAoNKeI6ZQ,iZF46F2FlvI,8XHGPQJwIvE,SjT5SzCbkUo
dc08aad9-a750-5123-be85-fb31f2327ad5,3b4d93c9-3604-5a0f-853c-15852a88a93c,4,Bada Natkhat Hai Re,Lata Mangeshkar,4.62,https://www.youtube.com/watch?v=UnIeS_oxfuM,https://music.youtube.com/watch?v=yYS137DxUsA,https://music.youtube.com/watch?v=HcM07Nne5ok,,UnIeS_oxfuM,yYS137DxUsA,HcM07Nne5ok,
60e770e6-f0e2-5a90-b5d4-3ff80dd5133b,3b4d93c9-3604-5a0f-853c-15852a88a93c,5,Kuchh Toh Log Kahenge,Kishore Kumar,4.71,https://www.youtube.com/watch?v=X6q7BVZXOUU,https://music.youtube.com/watch?v=5DboXmgUJe8,https://music.youtube.com/watch?v=VATfbq_116I,https://music.youtube.com/watch?v=JboCPAABC-U,X6q7BVZXOUU,5DboXmgUJe8,VATfbq_116I,JboCPAABC-U
2ee05540-9499-500b-a7d5-a955f9df8210,5f7e448f-9363-5b90-9343-dcc319b2826f,1,Zindagi Ek Safar Hai Suhana (Male),Kishore Kumar,4.6,https://www.youtube.com/watch?v=VTPEfY62LDg,https://music.youtube.com/watch?v=opZgi0G4QDg,https://music.youtube.com/watch?v=Pdy3IN1gZHg,https://music.youtube.com/watch?v=12l618F0Kak,VTPEfY62LDg,opZgi0G4QDg,Pdy3IN1gZHg,12l618F0Kak
9c626c4c-adaf-5ad8-a5e9-dae913728027,38c1ae7c-1573-58e9-8098-bba49ecafce9,2,Koi Chupke Se Aake,Geeta Dutt,4.5,http://www.youtube.com/watch?v=fnjhYSa7iu8,https://music.youtube.com/watch?v=gTRvbmyi_Y8,https://music.youtube.com/watch?v=T7LkjgfKfhI,https://music.youtube.com/watch?v=aeXPrbnvxrI,fnjhYSa7iu8,gTRvbmyi_Y8,T7LkjgfKfhI,aeXPrbnvxrI
7c51bc97-c496-5671-a306-a8a3f32e0e02,38c1ae7c-1573-58e9-8098-bba49ecafce9,3,Meri Jaan Mujhe Jaan Na Kaho,Geeta Dutt,4.5,http://www.youtube.com/watch?v=F6FkVPOMtvM,https://music.youtube.com/watch?v=Zsoqa5-FMTY,https://music.youtube.com/watch?v=KBBHL7PBa70,https://music.youtube.com/watch?v=MhfFf0JHThA,F6FkVPOMtvM,Zsoqa5-FMTY,KBBHL7PBa70,MhfFf0JHThA
27af15b8-30ef-5786-a58a-3b3150f6a5cc,43503e86-95cf-5475-9345-c63d3d5d33df,1,Raat Kali Ek Khwab Mein Aayi,Kishore Kumar,4.75,http://www.youtube.com/watch?v=jFYlChHSdzo,https://music.youtube.com/watch?v=Je-at465MXA,https://music.youtube.com/watch?v=BdPb8AgmvTw,https://music.youtube.com/watch?v=VFOwmOW_dao,jFYlChHSdzo,Je-at465MXA,BdPb8AgmvTw,VFOwmOW_dao
96a74cba-4a95-5410-a964-3d32a4e07366,43503e86-95cf-5475-9345-c63d3d5d33df,2,Bhali Bhali Si Ek Surat,"Kishore Kumar, Asha Bhosle",4.33,http://www.youtube.com/watch?v=r1hWkp6umX8,https://music.youtube.com/watch?v=U2R4At1Y72g,https://music.youtube.com/watch?v=HgAhuq55NrE,https://music.youtube.com/watch?v=VfV1dm5sJI8,r1hWkp6umX8,U2R4At1Y72g,HgAhuq55NrE,VfV1dm5sJI8
22fdf934-a3a6-543e-bfb3-e931fb7078b2,43503e86-95cf-5475-9345-c63d3d5d33df,3,Aayo Kahaan Se Ghanshyam,"Manna Dey, Archana",4.33,http://www.youtube.com/watch?v=LfoaH7j3X7Q,https://music.youtube.com/watch?v=-XHyfKsBueo,https://music.youtube.com/watch?v=-c5dkWpfO_0,https://music.youtube.com/watch?v=SsanAxz4-c8,LfoaH7j3X7Q,-XHyfKsBueo,-c5dkWpfO_0,SsanAxz4-c8
10760751-77e4-581c-a98b-986fe7f2d8bd,9aba3f8a-4ba2-56c6-951f-456841b6f2c0,3,Piya Tu Ab To Aaja (Monica O My Darling),"Asha Bhosle, R.D. Burman",4.5,https://www.youtube.com/watch?v=QiToFjVXHj4,https://music.youtube.com/watch?v=G8Q112i-0Sk,https://music.youtube.com/watch?v=46GGxF_Bwhg,https://music.youtube.com/watch?v=YDhzaccvA_I,QiToFjVXHj4,G8Q112i-0Sk,46GGxF_Bwhg,YDhzaccvA_I
80c268d5-7edd-5b17-851e-1e94bc9e94e0,1e83472a-7f49-5a52-a077-6375248b2b07,5,Beqaraar Dil Tu Gaaye Ja - I,"Kishore Kumar, Sulakshana Pandit",4.5,https://www.youtube.com/watch?v=MxNoM1lKrtM,https://music.youtube.com/watch?v=82fYEzUl8Mo,https://music.youtube.com/watch?v=MxNoM1lKrtM,,MxNoM1lKrtM,82fYEzUl8Mo,MxNoM1lKrtM,
9e6083e6-d21e-58a1-91a9-6007fa0986ca,1e83472a-7f49-5a52-a077-6375248b2b07,7,Mujhe Kho Jaane Do,Kishore Kumar,4.33,https://www.youtube.com/watch?v=7FTY8eyCiFg,https://music.youtube.com/watch?v=7FTY8eyCiFg,https://music.youtube.com/watch?v=nOeXN44ToRc,https://music.youtube.com/watch?v=d1UaR8YeTIs,7FTY8eyCiFg,7FTY8eyCiFg,nOeXN44ToRc,d1UaR8YeTIs
5ee30f98-2b32-5f50-a9ea-643e01335c80,1e83472a-7f49-5a52-a077-6375248b2b07,9,Door Ka Raahi,Hemant Kumar,4.5,https://www.youtube.com/watch?v=4TT9k3cFYM0,https://music.youtube.com/watch?v=KATFEwtsrRg,https://music.youtube.com/watch?v=4TT9k3cFYM0,https://music.youtube.com/watch?v=J-PRs50lQ2E,4TT9k3cFYM0,KATFEwtsrRg,4TT9k3cFYM0,J-PRs50lQ2E
063fbf8b-615d-5ed2-ba2a-f6ae66276594,6eb82459-8539-5802-aaed-43846cb245dc,1,Bole Re Papihara,Vani Jayaram,4.71,https://www.youtube.com/watch?v=56AUdC9mn4E,https://music.youtube.com/watch?v=Z5D39-bCs-w,https://music.youtube.com/watch?v=hQGwPoOpu6Y,https://music.youtube.com/watch?v=56AUdC9mn4E,56AUdC9mn4E,Z5D39-bCs-w,hQGwPoOpu6Y,56AUdC9mn4E
a073ddb0-d9b4-5a6d-ac76-dda44d251ef7,6eb82459-8539-5802-aaed-43846cb245dc,3,Humko Man Ki Shakti Dena,Vani Jayaram,4.6,https://www.youtube.com/watch?v=FyG6yfoyITA,https://music.youtube.com/watch?v=3ttf8Xsz4TU,https://music.youtube.com/watch?v=FyG6yfoyITA,https://music.youtube.com/watch?v=0WaG1TQOcMk,FyG6yfoyITA,3ttf8Xsz4TU,FyG6yfoyITA,0WaG1TQOcMk
6f6f2123-3c28-5b2b-863a-bea07624c31e,a946f172-6ab0-5943-aef7-edc8db0c1592,6,Dum Maaro Dum Mit Jaye Gham - II,Asha Bhosle,4.8,https://www.youtube.com/watch?v=ahcQJHpFFUc,https://music.youtube.com/watch?v=GUn3P5QyLRY,https://music.youtube.com/watch?v=ahcQJHpFFUc,https://music.youtube.com/watch?v=WBeE13puu-k,ahcQJHpFFUc,GUn3P5QyLRY,ahcQJHpFFUc,WBeE13puu-k
dca8dfb4-75a2-57ef-a6bb-7af24bee67f0,a946f172-6ab0-5943-aef7-edc8db0c1592,9,Phoolon Ka Taaron Ka Sabka Kahna Hai (Male),Kishore Kumar,4.6,https://www.youtube.com/watch?v=ZiQyFGdHZdk,https://music.youtube.com/watch?v=ZiQyFGdHZdk,https://music.youtube.com/watch?v=LUFkFONN6yM,https://music.youtube.com/watch?v=0_jHamHCx-Q,ZiQyFGdHZdk,ZiQyFGdHZdk,LUFkFONN6yM,0_jHamHCx-Q
a0c4f2a2-f069-5dc6-83cc-040ee7bd0d2c,d6ef9e14-dbc8-5aae-b0d1-346e78cf0afe,4,Bhanware Ki Gunjan Hai Mera Dil,Kishore Kumar,4.6,https://www.youtube.com/watch?v=tUHMjYoQ1iM,https://music.youtube.com/watch?v=nb6d-fnSOww,https://music.youtube.com/watch?v=W0nz16FZyRE,https://music.youtube.com/watch?v=WE2ZfrYbawo,tUHMjYoQ1iM,nb6d-fnSOww,W0nz16FZyRE,WE2ZfrYbawo
54eed79b-f4b3-58ed-8ac3-fe17240909f4,1b60c83b-e615-5a97-bdab-0f36959e03d2,1,Chanda O Chanda (Female),Lata Mangeshkar,4.33,http://www.youtube.com/watch?v=vXX464l95VE,https://music.youtube.com/watch?v=8DnSxmzb7MA,https://music.youtube.com/watch?v=vXX464l95VE,https://music.youtube.com/watch?v=GGx244E3wew,vXX464l95VE,8DnSxmzb7MA,vXX464l95VE,GGx244E3wew
83f79bad-4b60-5d21-8327-6cc64d68e6fd,1b60c83b-e615-5a97-bdab-0f36959e03d2,5,Chanda O Chanda (Duet),"Lata Mangeshkar, Kishore Kumar",4.33,https://www.youtube.com/watch?v=Xftjc4ZXBsQ,https://music.youtube.com/watch?v=oV_7WAzZsqw,https://music.youtube.com/watch?v=ueXV9P4tN9I,https://music.youtube.com/watch?v=bnpenPCTzh8,Xftjc4ZXBsQ,oV_7WAzZsqw,ueXV9P4tN9I,bnpenPCTzh8
7c94b730-b522-5de9-928c-40c3b81682cc,8e56d3c3-f8b1-5495-82b5-ce03239cf5a9,4,Geet Gaata Hoon Main,Kishore Kumar,4.33,https://www.youtube.com/watch?v=Ays7xJK8UF8,https://music.youtube.com/watch?v=d0n47ItBTrs,https://music.youtube.com/watch?v=Ays7xJK8UF8,https://music.youtube.com/watch?v=T8kJ-Apkw28,Ays7xJK8UF8,d0n47ItBTrs,Ays7xJK8UF8,T8kJ-Apkw28
2c992dc1-3942-50a5-89c6-6cce4f73b888,f45e053c-861a-5756-8d28-66b7087f3f7c,3,Koi Hota Jisko Apna,Kishore Kumar,4.5,https://www.youtube.com/watch?v=I9w628gW9jI,https://music.youtube.com/watch?v=bWNRmJMMVUg,https://music.youtube.com/watch?v=I9w628gW9jI,https://music.youtube.com/watch?v=ctMU2uzmhh4,I9w628gW9jI,bWNRmJMMVUg,I9w628gW9jI,ctMU2uzmhh4
5174c201-7287-5ff9-bf3e-f10a0057a66c,df61dc97-ed1f-5d8b-8f9a-4e6ac030ba42,4,Simti Si Sharmai Si,Kishore Kumar,4.57,https://www.youtube.com/watch?v=ku3-14pjm4Y,https://music.youtube.com/watch?v=XbZ9b1Rrn_I,https://music.youtube.com/watch?v=u2Sh1kjIpmE,https://music.youtube.com/watch?v=K4fVTtH9hVA,ku3-14pjm4Y,XbZ9b1Rrn_I,u2Sh1kjIpmE,K4fVTtH9hVA
47febbea-d0f2-5460-aeee-fc83235b4ae4,6970d12e-a6be-54c3-9960-404265a66ca2,1,Yeh Jeevan Hai,Kishore Kumar,4.5,http://www.youtube.com/watch?v=VnaLbRHE1PM,https://music.youtube.com/watch?v=UdttyYOdUXU,https://music.youtube.com/watch?v=E5G4PQm2vS4,https://music.youtube.com/watch?v=bdPoGbyNkWY,VnaLbRHE1PM,UdttyYOdUXU,E5G4PQm2vS4,bdPoGbyNkWY
ad2ffd9e-ce37-5447-84c0-3afa7f80698e,6ef70712-711d-50b1-8ac9-0e158fde81c5,1,Tu Chanda Main Chandni,Lata Mangeshkar,4.33,https://www.youtube.com/watch?v=qpwurMcUdjI,https://music.youtube.com/watch?v=1ZJE8x5haEo,https://music.youtube.com/watch?v=2P275yrby18,https://music.youtube.com/watch?v=e-g-GESCe20,qpwurMcUdjI,1ZJE8x5haEo,2P275yrby18,e-g-GESCe20
94ad9463-153e-56d7-b169-ad98ff65824e,b8016b60-a71e-5955-b479-086fb8d118ba,4,Jab Bhi Yeh Dil Udas Hota Hai,"Mohammed Rafi, Sharda",4.75,https://www.youtube.com/watch?v=f_iBEKx14aw,https://music.youtube.com/watch?v=Bu9u8D3xwv8,https://music.youtube.com/watch?v=SBp1-d4njVU,https://music.youtube.com/watch?v=18dpAV2m2is,f_iBEKx14aw,Bu9u8D3xwv8,SBp1-d4njVU,18dpAV2m2is
25dfd10b-ce17-5ad9-b652-a0fc5c526831,f5b678c5-5288-57a3-9a35-871a73e348b2,1,Khilte Hain Gul Yahan (Male),Kishore Kumar,4.6,https://www.youtube.com/watch?v=8H9CURaphUY,https://music.youtube.com/watch?v=TXxkuWYsfgA,https://music.youtube.com/watch?v=aeFmkgr5Bdw,https://music.youtube.com/watch?v=SO4tdXq4d1Q,8H9CURaphUY,TXxkuWYsfgA,aeFmkgr5Bdw,SO4tdXq4d1Q
51f048d9-a9fc-5c77-a4e7-0fb3d7c718e8,f5b678c5-5288-57a3-9a35-871a73e348b2,4,Kaise Kahen Hum Pyar Ne Humko Kya Kya Khel Dikhaye,Kishore Kumar,4.4,https://www.youtube.com/watch?v=BMuIuc6GIj4,https://music.youtube.com/watch?v=SQ9AwSAbLaU,,,BMuIuc6GIj4,SQ9AwSAbLaU,,
1afb931b-297d-534e-bc74-f224a4fad8e5,3c6ba0ef-5b0b-5150-802f-e48b05e3cdb5,1,Hey Maine Kasam Li,"Lata Mangeshkar, Kishore Kumar",4.5,http://www.youtube.com/watch?v=iK-47NF7cTU,https://music.youtube.com/watch?v=c6Ya7BBi9eM,https://music.youtube.com/watch?v=j74iju5E31c,https://music.youtube.com/watch?v=iK-47NF7cTU,iK-47NF7cTU,c6Ya7BBi9eM,j74iju5E31c,iK-47NF7cTU
50ec6949-a9de-5cba-8f73-641b832c031d,d9eeb39d-cf11-5fbd-b386-2112757fa0d9,2,Darpan Ko Dekha Tune Jab Jab Kiya Singar,Mukesh,4.4,https://www.youtube.com/watch?v=hxozHNknYxY,https://music.youtube.com/watch?v=tX2O2CEh7gM,https://music.youtube.com/watch?v=PQ-lr-THUlo,https://music.youtube.com/watch?v=ImVTuVs7-iA,hxozHNknYxY,tX2O2CEh7gM,PQ-lr-THUlo,ImVTuVs7-iA
85452987-d091-52fc-8cec-5c3c0cdae5c8,d99f5eb7-f163-5590-a8f2-ebeff5b51348,1,Raaton Ke Saaye Ghane,Lata Mangeshkar,4.5,http://www.youtube.com/watch?v=aJz2mCcXe7E,https://music.youtube.com/watch?v=tZnPswbuoek,https://music.youtube.com/watch?v=vch-ncTSvag,https://music.youtube.com/watch?v=gKeZtW6PUhs,aJz2mCcXe7E,tZnPswbuoek,vch-ncTSvag,gKeZtW6PUhs
30a40418-0858-50ee-8283-c52e9b9dc702,d99f5eb7-f163-5590-a8f2-ebeff5b51348,2,Guzar Jaye Din Din Din,Kishore Kumar,4.4,http://www.youtube.com/watch?v=zrNLSVvdGOY,https://music.youtube.com/watch?v=6b6C1fQoZak,https://music.youtube.com/watch?v=l1ZBFOzNUxw,https://music.youtube.com/watch?v=1lo_-CYqq6o,zrNLSVvdGOY,6b6C1fQoZak,l1ZBFOzNUxw,1lo_-CYqq6o
80cea64a-f199-5371-b9c8-51b11dea57f2,3afa214c-069c-5440-b96f-44f35541b97d,6,Duniya Mein Logon Ko Dhokha Kabhi Ho Jata Hai,"Asha Bhosle, Pancham",4.67,https://www.youtube.com/watch?v=ZaM6F7gmNAA,https://music.youtube.com/watch?v=s515AjXXDqc,https://music.youtube.com/watch?v=WyA2K2F_FhQ,https://music.youtube.com/watch?v=cKFabjoRdJo,ZaM6F7gmNAA,s515AjXXDqc,WyA2K2F_FhQ,cKFabjoRdJo
274b407b-a07c-583a-86d1-65b0b3390d2b,0753a34e-6937-5844-9f91-06af92408a05,2,Ae Naujawan Hai Sab Kuch Yahan,Asha Bhosle,4.33,https://www.youtube.com/watch?v=qgaXh2gPTr4,https://music.youtube.com/watch?v=Sq26Huw6zwY,https://music.youtube.com/watch?v=6wMSf4Zj8q8,https://music.youtube.com/watch?v=wZOImfYUsGo,qgaXh2gPTr4,Sq26Huw6zwY,6wMSf4Zj8q8,wZOImfYUsGo
e7ff8156-b5f9-5245-a78b-ae80db3d4ec9,fd0eeb52-3c0a-529a-9613-de92d6ca59ce,3,Yeh Rakhi Bandhan Hai Aisa,"Lata Mangeshkar, Mukesh",4.5,http://www.youtube.com/watch?v=bBfJGdyRwe8,https://music.youtube.com/watch?v=OY4ueboywYc,https://music.youtube.com/watch?v=bBfJGdyRwe8,https://music.youtube.com/watch?v=3tasi7i-0cg,bBfJGdyRwe8,OY4ueboywYc,bBfJGdyRwe8,3tasi7i-0cg
864db7ce-9371-5178-b535-759b8bde5c72,f61dc1fa-0303-5c6d-b4b7-4f6b8512c37a,2,Nahin Nahin Abhi Nahin,"Kishore Kumar, Asha Bhosle",4.4,https://www.youtube.com/watch?v=TJx3DHUaIjs,https://music.youtube.com/watch?v=zqIL8o3vKcU,https://music.youtube.com/watch?v=ftJEqglHGRY,https://music.youtube.com/watch?v=NOyiD6LR_cg,TJx3DHUaIjs,zqIL8o3vKcU,ftJEqglHGRY,NOyiD6LR_cg
c9111a19-3bb6-5547-91ac-aa6240dff6e1,f61dc1fa-0303-5c6d-b4b7-4f6b8512c37a,3,Jaane Jaan Dhoondhta Phir Raha,"Kishore Kumar, Asha Bhosle",4.62,https://www.youtube.com/watch?v=V3tB5Wu2ifg,https://music.youtube.com/watch?v=YpqworRVpnY,https://music.youtube.com/watch?v=K-GPX2PzDKM,https://music.youtube.com/watch?v=GrdaMrmr9pw,V3tB5Wu2ifg,YpqworRVpnY,K-GPX2PzDKM,GrdaMrmr9pw
f0d96978-2b80-58e3-a1ab-59491748cee4,cccc0f59-f701-5464-902f-0bd6bf1287fb,3,Yeh Wohi Geet Hai Jisko Maine,Kishore Kumar,4.33,http://www.youtube.com/watch?v=RZeG9mLm0PY,https://music.youtube.com/watch?v=f1UZnxS0eGc,https://music.youtube.com/watch?v=YhOPsc6hKjI,https://music.youtube.com/watch?v=UJreFj55yHI,RZeG9mLm0PY,f1UZnxS0eGc,YhOPsc6hKjI,UJreFj55yHI
10307f62-818d-512f-bf9a-b346b21760bb,6a81bd09-c24e-5db5-b05c-3d8e291e42dc,1,Deewana Le Ke Aaya Hai Dil Ka Taraana,Kishore Kumar,4.5,https://www.youtube.com/watch?v=fS_D4ZVMCfU,https://music.youtube.com/watch?v=jpfWu7oraI4,https://music.youtube.com/watch?v=m_gnQEKJlWc,https://music.youtube.com/watch?v=fH2IIEsU9z8,fS_D4ZVMCfU,jpfWu7oraI4,m_gnQEKJlWc,fH2IIEsU9z8
640a3ae9-fe60-552e-b782-998e6d78e35f,6a81bd09-c24e-5db5-b05c-3d8e291e42dc,4,Chala Jaata Hoon Kisi Ki Dhun Mein,Kishore Kumar,4.57,https://www.youtube.com/watch?v=DQmHVxyKmAw,https://music.youtube.com/watch?v=-xNVYDeiZKg,https://music.youtube.com/watch?v=rTvXOqFZThU,https://music.youtube.com/watch?v=rmj9-eQuuCQ,DQmHVxyKmAw,-xNVYDeiZKg,rTvXOqFZThU,rmj9-eQuuCQ
fd7503f3-ea3e-5733-a4b5-d4771b83a0a4,6a81bd09-c24e-5db5-b05c-3d8e291e42dc,5,O Mere Dil Ke Chain,Kishore Kumar,4.67,https://www.youtube.com/watch?v=-Px0efU00uQ,https://music.youtube.com/watch?v=dNU30V-5q88,https://music.youtube.com/watch?v=7IUQyRtbN_o,https://music.youtube.com/watch?v=Zu7s_0_j0Is,-Px0efU00uQ,dNU30V-5q88,7IUQyRtbN_o,Zu7s_0_j0Is
c2176621-b9fc-5b85-91b8-1e38fe904191,82a8ea4a-caf9-5fc2-8eef-e7ea3f156307,2,Inhi Logon Ne Le Leena Dupatta Mera,Lata Mangeshkar,4.33,https://www.youtube.com/watch?v=eeiVB-K8xJ0,https://music.youtube.com/watch?v=tUBEAQLDAJQ,https://music.youtube.com/watch?v=IG2rxs9W6MU,https://music.youtube.com/watch?v=kXzx0-qQPsI,eeiVB-K8xJ0,tUBEAQLDAJQ,IG2rxs9W6MU,kXzx0-qQPsI
0587ea6d-7587-50aa-a03f-c853d788d025,82a8ea4a-caf9-5fc2-8eef-e7ea3f156307,4,Chalo Dildar Chalo,"Lata Mangeshkar, Mohammed Rafi",4.4,https://www.youtube.com/watch?v=OtM1WVwEO44,https://music.youtube.com/watch?v=ghZqkYYIeIQ,https://music.youtube.com/watch?v=YbsEnAkeTtg,https://music.youtube.com/watch?v=WVHZlByNVhY,OtM1WVwEO44,ghZqkYYIeIQ,YbsEnAkeTtg,WVHZlByNVhY
63a934c9-ba66-5e6e-9aab-e1dd90604531,82a8ea4a-caf9-5fc2-8eef-e7ea3f156307,10,Chalte Chalte Yun Hi Koi Mil Gaya Tha,Lata Mangeshkar,4.4,https://www.youtube.com/watch?v=X-40R7SfXJ4,https://music.youtube.com/watch?v=vcEEQ-i7Lcs,https://music.youtube.com/watch?v=xjyrv6cbk5s,https://music.youtube.com/watch?v=Rm5_mIvbxaU,X-40R7SfXJ4,vcEEQ-i7Lcs,xjyrv6cbk5s,Rm5_mIvbxaU
f9a384e2-0adc-5feb-a505-ca80c3d4a47d,d8b2a616-b2d6-52c2-9a22-43127e47ac31,1,Saare Ke Saare Gama Ko Le Kar Gaate Chale,"Asha Bhosle, Kishore Kumar",4.5,https://www.youtube.com/watch?v=gVFyPobtduE,https://music.youtube.com/watch?v=ON0BAej4rk4,https://music.youtube.com/watch?v=gVFyPobtduE,,gVFyPobtduE,ON0BAej4rk4,gVFyPobtduE,
cd79a86d-9c81-549b-b97c-882a86a9f795,d8b2a616-b2d6-52c2-9a22-43127e47ac31,3,Musafir Hoon Yaaro,Kishore Kumar,4.8,https://www.youtube.com/watch?v=doE6-zY2_ac,https://music.youtube.com/watch?v=WcsncpEWQZI,https://music.youtube.com/watch?v=doE6-zY2_ac,https://music.youtube.com/watch?v=ZcVqkqo5E0c,doE6-zY2_ac,WcsncpEWQZI,doE6-zY2_ac,ZcVqkqo5E0c
2c07af30-50ff-5883-ba50-4efe65ff84a7,d8b2a616-b2d6-52c2-9a22-43127e47ac31,4,Beeti Naa Bitaayi Raina,"Lata Mangeshkar, Bhupinder Singh",4.92,https://www.youtube.com/watch?v=JmvG8tk7ijA,https://music.youtube.com/watch?v=kfyMS6apDbQ,https://music.youtube.com/watch?v=P8vWIB_NKZk,https://music.youtube.com/watch?v=qdaiVpovizY,JmvG8tk7ijA,kfyMS6apDbQ,P8vWIB_NKZk,qdaiVpovizY
e250eee3-6339-5fd3-b85e-adafd58ba713,d89579e6-2392-5361-987f-e6e397c323ef,4,Gum Hai Kisi Ke Pyar Mein,"Lata Mangeshkar, Kishore Kumar",4.67,https://www.youtube.com/watch?v=sPiOMuvzSI8,https://music.youtube.com/watch?v=Fu2eb63lsg8,https://music.youtube.com/watch?v=TzQMPpftbbo,https://music.youtube.com/watch?v=DFbZpmjDwrc,sPiOMuvzSI8,Fu2eb63lsg8,TzQMPpftbbo,DFbZpmjDwrc
b9493f8c-1243-5f63-ae4c-b434599b3f3e,d0950494-052e-5819-8e47-5e1f7e7610b6,3,Jab Andhera Hota Hai,"Asha Bhosle, Bhupinder Singh",4.6,https://www.youtube.com/watch?v=BK3huMqyRlU,https://music.youtube.com/watch?v=BK3huMqyRlU,https://music.youtube.com/watch?v=YcFxsuMgkF8,https://music.youtube.com/watch?v=ubbJm87i_AY,BK3huMqyRlU,BK3huMqyRlU,YcFxsuMgkF8,ubbJm87i_AY
ea47c532-7478-567d-bb3c-8be5fcc993b8,568c5f63-f83a-53f5-be42-bd042a82e4c1,2,Jab Tak Rahe Tan Mein Jiya,Asha Bhosle,4.33,https://www.youtube.com/watch?v=F3pqRMJobto,https://music.youtube.com/watch?v=TeiLNFkzcYQ,https://music.youtube.com/watch?v=QkgMfTcQaX0,https://music.youtube.com/watch?v=09eBWhNOhQI,F3pqRMJobto,TeiLNFkzcYQ,QkgMfTcQaX0,09eBWhNOhQI
4b5f2c60-ac9c-5b30-8f47-56544616a634,c9fdcb1e-5083-5e10-ba3a-de59fcc497bf,1,Ek Pyaar Ka Nagma Hai - I,"Lata Mangeshkar, Mukesh",4.5,https://www.youtube.com/watch?v=iTXk7Qs1keM,https://music.youtube.com/watch?v=7wVylDF6_Vs,https://music.youtube.com/watch?v=sz-wrI1Pg4k,https://music.youtube.com/watch?v=5qKJrxG2_Kc,iTXk7Qs1keM,7wVylDF6_Vs,sz-wrI1Pg4k,5qKJrxG2_Kc
449c3832-8c07-5750-b947-65e70e3c417b,7cda6ce1-ee48-5369-baa6-2f02e0f57640,2,Tera Mujhse Hai Pehle Ka Naata Koi,"Kishore Kumar, Sushma Shrestha",4.57,https://www.youtube.com/watch?v=89lgb7dmXps,https://music.youtube.com/watch?v=Dh25WChKIJg,https://music.youtube.com/watch?v=HNRS312OGpo,,89lgb7dmXps,Dh25WChKIJg,HNRS312OGpo,
43f72955-67ca-59b4-9bb4-2acda6dae88f,7cda6ce1-ee48-5369-baa6-2f02e0f57640,5,Wada Karo Nahin Chhodoge Tum Mera Saath,"Kishore Kumar, Lata Mangeshkar",4.75,https://www.youtube.com/watch?v=FkMjUaEruOA,https://music.youtube.com/watch?v=DoJgMRIgDuc,https://music.youtube.com/watch?v=8bveZzAgtpQ,,FkMjUaEruOA,DoJgMRIgDuc,8bveZzAgtpQ,
10025d9e-f948-59c9-b7ec-01b6fb276616,7cda6ce1-ee48-5369-baa6-2f02e0f57640,6,Tera Mujhse Hai Pehle Ka Naata Koi (Male),Kishore Kumar,4.5,https://www.youtube.com/watch?v=3IF9o2crV84,https://music.youtube.com/watch?v=PVzKTyy8C0o,https://music.youtube.com/watch?v=PYMYUR0Z8Cc,https://music.youtube.com/watch?v=TGtcvXJeGHg,3IF9o2crV84,PVzKTyy8C0o,PYMYUR0Z8Cc,TGtcvXJeGHg
f248ef14-fd12-5c09-87fd-dac24d5c3d9f,44eeb5d0-612b-554f-ad3b-b4c4fd48c312,3,Nainon Mein Darpan Hai,"Lata Mangeshkar, Kishore Kumar",4.75,https://www.youtube.com/watch?v=o7J23h5Vkgo,https://music.youtube.com/watch?v=APdyB4C7up4,https://music.youtube.com/watch?v=o7J23h5Vkgo,https://music.youtube.com/watch?v=PxTpEMY-rMk,o7J23h5Vkgo,APdyB4C7up4,o7J23h5Vkgo,PxTpEMY-rMk
f45e8c20-4140-5280-b784-9b6e9471e709,71bb19c0-3089-5ae0-9270-7edc996ca566,1,Tere Mere Milan Ki Yeh Raina,"Kishore Kumar, Lata Mangeshkar",4.7,https://www.youtube.com/watch?v=lUwFGIl6K18,https://music.youtube.com/watch?v=_EX9IyvwZH0,https://music.youtube.com/watch?v=8uQTxCmGCCc,https://music.youtube.com/watch?v=3rq1bjHZzUU,lUwFGIl6K18,_EX9IyvwZH0,8uQTxCmGCCc,3rq1bjHZzUU
574fc4df-1f51-594a-ba4d-e4cb32b29c11,71bb19c0-3089-5ae0-9270-7edc996ca566,2,Meet Naa Mila Re Man Ka,Kishore Kumar,4.67,https://www.youtube.com/watch?v=ksCSSWHpPww,https://music.youtube.com/watch?v=IAsQfelQkBw,https://music.youtube.com/watch?v=zHEbWm0OG0s,https://music.youtube.com/watch?v=9sWC5JaAamY,ksCSSWHpPww,IAsQfelQkBw,zHEbWm0OG0s,9sWC5JaAamY
ea7692dd-e9cf-5a15-8eae-4cfab278ca31,71bb19c0-3089-5ae0-9270-7edc996ca566,3,Ab To Hai Tum Se Har Khushi Apni,Lata Mangeshkar,4.67,https://www.youtube.com/watch?v=emKJ5_cMEHk,https://music.youtube.com/watch?v=KltDzwymAOk,https://music.youtube.com/watch?v=mrdjMXhRP68,https://music.youtube.com/watch?v=tMTJ5e5mG28,emKJ5_cMEHk,KltDzwymAOk,mrdjMXhRP68,tMTJ5e5mG28
223c82a9-3a10-508e-8168-37ba988d05fd,71bb19c0-3089-5ae0-9270-7edc996ca566,4,Teri Bindiya Re,"Lata Mangeshkar, Mohammed Rafi",4.71,https://www.youtube.com/watch?v=M43y1Hodn2c,https://music.youtube.com/watch?v=vVz0ZxUdlxk,https://music.youtube.com/watch?v=DRaVzCwkl98,https://music.youtube.com/watch?v=_R59-UmeQKM,M43y1Hodn2c,vVz0ZxUdlxk,DRaVzCwkl98,_R59-UmeQKM
f4a080ca-27f0-5a9c-bb46-bede207f9769,71bb19c0-3089-5ae0-9270-7edc996ca566,5,Piya Bina Piya Bina,Lata Mangeshkar,4.5,https://www.youtube.com/watch?v=59EJJrOzTWw,https://music.youtube.com/watch?v=uDrvw7oxU-o,https://music.youtube.com/watch?v=AOkAX-p3jdQ,https://music.youtube.com/watch?v=Is0yza5jPIQ,59EJJrOzTWw,uDrvw7oxU-o,AOkAX-p3jdQ,Is0yza5jPIQ
82107e86-f973-544d-9e58-88e9b130be32,71bb19c0-3089-5ae0-9270-7edc996ca566,6,Loote Koi Man Ka Nagar Ban Ke Mera Saathi,"Lata Mangeshkar, Manhar Udhas",4.5,https://www.youtube.com/watch?v=BuKtOZy2xxE,https://music.youtube.com/watch?v=DLmmjJbl90k,https://music.youtube.com/watch?v=qKC_HJtBGoo,https://music.youtube.com/watch?v=ETOCXVmV7mQ,BuKtOZy2xxE,DLmmjJbl90k,qKC_HJtBGoo,ETOCXVmV7mQ
1bfc15fa-f1a1-5283-b149-c9ea1997009f,71bb19c0-3089-5ae0-9270-7edc996ca566,7,Nadiya Kinare Heraye Aayi Kangana,Lata Mangeshkar,4.5,https://www.youtube.com/watch?v=QpfolokBUik,https://music.youtube.com/watch?v=hydXq-AeHMI,https://music.youtube.com/watch?v=N_6LowvTZZ4,https://music.youtube.com/watch?v=IfjPREk956U,QpfolokBUik,hydXq-AeHMI,N_6LowvTZZ4,IfjPREk956U
eeca4466-68bb-5a64-acdd-da948f04e542,9d1abea4-1cec-5cde-9027-1cac1941c6bd,1,Baahon Mein Chale  Aao,Lata Mangeshkar,4.7,https://www.youtube.com/watch?v=wxknUq6PrpE,https://music.youtube.com/watch?v=1tQrhA5NJd0,https://music.youtube.com/watch?v=kAC0-jDth8I,https://music.youtube.com/watch?v=EgCFDuFuXi4,wxknUq6PrpE,1tQrhA5NJd0,kAC0-jDth8I,EgCFDuFuXi4
ab736bfe-dfbd-5b2a-b27a-d9d1ffc822cc,9d1abea4-1cec-5cde-9027-1cac1941c6bd,2,Aaj Ki Raat Koi Aane Ko Hai,Asha Bhosle,4.33,https://www.youtube.com/watch?v=nglPbimowD8,https://music.youtube.com/watch?v=1_leh5jUeN4,https://music.youtube.com/watch?v=6J5nHIAUVpE,https://music.youtube.com/watch?v=JZ9UiLv8CPg,nglPbimowD8,1_leh5jUeN4,6J5nHIAUVpE,JZ9UiLv8CPg
1773aaf5-f90c-5cd9-aca5-3625733c01f3,9d1abea4-1cec-5cde-9027-1cac1941c6bd,4,Logon Na Maaro Ise,Asha Bhosle,4.33,https://www.youtube.com/watch?v=9V8KU4ngMw0,https://music.youtube.com/watch?v=HzxK-qthBfU,https://music.youtube.com/watch?v=oWXdDKvnW7I,https://music.youtube.com/watch?v=gM4AopJ8swI,9V8KU4ngMw0,HzxK-qthBfU,oWXdDKvnW7I,gM4AopJ8swI
6baf8d59-22e3-5722-a316-58ee350f62b2,9d1abea4-1cec-5cde-9027-1cac1941c6bd,5,Meri Bheegi Bheegi Si Palkon Pe Rah Gaye,Kishore Kumar,4.75,https://www.youtube.com/watch?v=3JsbLjT-HPI,https://music.youtube.com/watch?v=5KK24RSouuQ,https://music.youtube.com/watch?v=p0FY8rRrZ6Y,https://music.youtube.com/watch?v=Eqx2mw_08iY,3JsbLjT-HPI,5KK24RSouuQ,p0FY8rRrZ6Y,Eqx2mw_08iY
0e3a31c7-ac09-5ed8-9dfb-1dcc1e4d1bf0,b63a488c-40ec-52e4-ac46-77cdd11770cb,2,Hungama Ho Gaya,Asha Bhosle,4.33,https://www.youtube.com/watch?v=MC-5vXqiLXw,https://music.youtube.com/watch?v=11s1ZQuUwXQ,https://music.youtube.com/watch?v=cyN0nCS8vRA,https://music.youtube.com/watch?v=5ng8bOm9JBE,MC-5vXqiLXw,11s1ZQuUwXQ,cyN0nCS8vRA,5ng8bOm9JBE
aaed2ae8-563d-5de9-96b8-8cff6e42a075,fc7f3f83-c1d0-57f4-98bc-86a4b28b69f9,1,Tan Man Tere Rang Rangoongi,Lata Mangeshkar,4.5,https://www.youtube.com/watch?v=Q7KdEaVw978,https://music.youtube.com/watch?v=Q7KdEaVw978,https://music.youtube.com/watch?v=nh5nkuV0APE,https://music.youtube.com/watch?v=qnyN4UmwsJE,Q7KdEaVw978,Q7KdEaVw978,nh5nkuV0APE,qnyN4UmwsJE
6d8b9e59-b9ef-553f-976d-6034b75822cb,204a76fa-0657-57e6-b21d-707c3c8ca343,1,Dekho Yeh Mere Bandhe Hath (Kya Jaano Main Hoon Kaun),Kishore Kumar,4.33,https://www.youtube.com/watch?v=n683iFrOUtE,https://music.youtube.com/watch?v=oHpt2yR_jeo,https://music.youtube.com/watch?v=ZX5DxTEkpsc,https://music.youtube.com/watch?v=zWs9uwfcyIE,n683iFrOUtE,oHpt2yR_jeo,ZX5DxTEkpsc,zWs9uwfcyIE
876e1e06-974b-5ab3-9fa4-801b70189e3c,204a76fa-0657-57e6-b21d-707c3c8ca343,3,Majhi Re O Majhi Re,Asha Bhosle,4.67,https://www.youtube.com/watch?v=aG1-1A5c0F0,https://music.youtube.com/watch?v=J15Vovn0sgA,https://music.youtube.com/watch?v=7jWW81CgtaI,https://music.youtube.com/watch?v=r27v27CAEtI,aG1-1A5c0F0,J15Vovn0sgA,7jWW81CgtaI,r27v27CAEtI
c68e745d-9ce8-5138-8a91-9c689647f752,2fd29eef-7a90-57a3-96df-4d16d7404f27,3,Pal Pal Dil Ke Paas,Kishore Kumar,4.83,http://www.youtube.com/watch?v=AMuRRXCuy-4,https://music.youtube.com/watch?v=cvQWzlNIjt8,https://music.youtube.com/watch?v=H60L40GbfFI,https://music.youtube.com/watch?v=FNAgz47P6cE,AMuRRXCuy-4,cvQWzlNIjt8,H60L40GbfFI,FNAgz47P6cE
792148ab-1192-582b-929f-b8a1e718fd1a,4f9c02d5-4e43-5a68-9dcb-18dbce4940ef,4,Hum Tum Ek Kamre Mein Band Hon Aur Chaabi Kho Jaye,"Lata Mangeshkar, Shailendra Singh",4.5,https://www.youtube.com/watch?v=2xM1dH6Vduk,https://music.youtube.com/watch?v=Lf01ajBUpu0,https://music.youtube.com/watch?v=RGHMTBVk1uI,,2xM1dH6Vduk,Lf01ajBUpu0,RGHMTBVk1uI,
c55aac05-1aef-5cd9-b0f9-5f3632ed6382,82af20fe-372f-5181-a2b3-e950ab1ff54c,3,Ulfat Mein Zamane Ki (Male),Kishore Kumar,4.75,https://www.youtube.com/watch?v=GX69yIbN6vo,https://music.youtube.com/watch?v=GX69yIbN6vo,https://music.youtube.com/watch?v=KkBxDWaljLo,https://music.youtube.com/watch?v=zHrrnsFFoKs,GX69yIbN6vo,GX69yIbN6vo,KkBxDWaljLo,zHrrnsFFoKs
5d829c0e-e1d9-5132-a016-82db08e73d2e,82af20fe-372f-5181-a2b3-e950ab1ff54c,5,Ulfat Mein Zamane Ki (Female),Lata Mangeshkar,4.67,https://www.youtube.com/watch?v=7W_EyJH5qFk,https://music.youtube.com/watch?v=RQG5mqSBPS0,https://music.youtube.com/watch?v=NQQsUtgrKOo,https://music.youtube.com/watch?v=GX69yIbN6vo,7W_EyJH5qFk,RQG5mqSBPS0,NQQsUtgrKOo,GX69yIbN6vo
ddbf2b54-fc49-527f-8b7e-add3cef2b891,9746545c-bcc7-552f-ad45-46e5991c56c8,4,Ghungroo Ki Tarah Bajta Hi Raha Hoon Main,Kishore Kumar,4.33,http://www.youtube.com/watch?v=SRY4oEWaYsk,https://music.youtube.com/watch?v=M0xHzZi7ke0,https://music.youtube.com/watch?v=l012qlpA7kw,https://music.youtube.com/watch?v=uNyQy5GV6o0,SRY4oEWaYsk,M0xHzZi7ke0,l012qlpA7kw,uNyQy5GV6o0
a5441955-815a-5c22-bc2a-5f72bd7116d9,93a151d8-e657-5da1-bde9-e829aeb627f4,4,Mere Dil Mein Aaj Kya Hai,Kishore Kumar,4.5,http://www.youtube.com/watch?v=ksapDF0DtG4,https://music.youtube.com/watch?v=lNekqXoyXn4,https://music.youtube.com/watch?v=QSv4VZvTUGg,https://music.youtube.com/watch?v=-2SWJAX14DY,ksapDF0DtG4,lNekqXoyXn4,QSv4VZvTUGg,-2SWJAX14DY
749901d5-0b1b-5937-a12f-621a7f5fbb42,93a151d8-e657-5da1-bde9-e829aeb627f4,6,Jab Bhi Jee Chaahe (Ek Chehre Pe Kai Chehre Laga Lete Hain Log),Lata Mangeshkar,4.75,http://www.youtube.com/watch?v=InU-kyiYeFM,https://music.youtube.com/watch?v=RmynDS1VIVg,https://music.youtube.com/watch?v=bcVYleMf0nQ,https://music.youtube.com/watch?v=1mLzCJt4VCQ,InU-kyiYeFM,RmynDS1VIVg,bcVYleMf0nQ,1mLzCJt4VCQ
8cdc6c0b-ed59-527c-bf9f-209f6b09fe1a,cfabacf0-7bbd-5368-8ada-5d20922b1a2e,1,Sansaar Ki Har Shai Ka Itna Hi Fasaana Hai,Mahendra Kapoor,4.33,https://www.youtube.com/watch?v=hIJbDB9bpF8,https://music.youtube.com/watch?v=hIJbDB9bpF8,https://music.youtube.com/watch?v=s_5QU8YouSs,https://music.youtube.com/watch?v=NUvkHMWeTVk,hIJbDB9bpF8,hIJbDB9bpF8,s_5QU8YouSs,NUvkHMWeTVk
0e4c559b-7747-516d-9a87-3318c50a7921,91897592-d109-5687-94fd-577e7d40306d,1,Rasm-E-Ulfat Ko Nibhayen,Lata Mangeshkar,4.6,https://www.youtube.com/watch?v=Nyhp5OK1ltQ,https://music.youtube.com/watch?v=Nyhp5OK1ltQ,https://music.youtube.com/watch?v=g8XeCObMVk4,https://music.youtube.com/watch?v=1o4l9F4BB1w,Nyhp5OK1ltQ,Nyhp5OK1ltQ,g8XeCObMVk4,1o4l9F4BB1w
bbdae49b-ec0a-5988-88a0-b077882d9786,91897592-d109-5687-94fd-577e7d40306d,5,Geet Amar Ho Jaye (Apne Suron Mein),"Manna Dey, Usha Mangeshkar",4.33,http://www.youtube.com/watch?v=SxCkX9sA6xE,https://music.youtube.com/watch?v=JY8v-YhAc0o,https://music.youtube.com/watch?v=BstBXk58CLI,https://music.youtube.com/watch?v=XIFWjunEoIo,SxCkX9sA6xE,JY8v-YhAc0o,BstBXk58CLI,XIFWjunEoIo
619ef822-96be-5af9-a7ba-680f79399dda,bdbd3a38-8775-5915-ba5a-cb5cf953c1c7,3,Har Koi Chahta Hai Ek Mutthi Aasman,Kishore Kumar,4.5,https://www.youtube.com/watch?v=GgVYlWGGfMQ,https://music.youtube.com/watch?v=GgVYlWGGfMQ,https://music.youtube.com/watch?v=PrZOtyS5szY,https://music.youtube.com/watch?v=gQxvnqOd_P0,GgVYlWGGfMQ,GgVYlWGGfMQ,PrZOtyS5szY,gQxvnqOd_P0
da4aa3f7-07fa-5621-997f-fd937df52790,a82e9a10-59a4-5285-99a4-fb8047071814,1,Tum Jo Mil Gaye Ho,"Mohammed Rafi, Lata Mangeshkar",4.75,https://www.youtube.com/watch?v=sTRje7FQwf8,https://music.youtube.com/watch?v=BeNSNHROpqg,https://music.youtube.com/watch?v=6nDAZ-tt0nI,https://music.youtube.com/watch?v=KK-Ruc5fxtM,sTRje7FQwf8,BeNSNHROpqg,6nDAZ-tt0nI,KK-Ruc5fxtM
787e2173-d18e-5e23-a25c-d34cbb8466e8,a82e9a10-59a4-5285-99a4-fb8047071814,4,Betaab Dil Ki Tamanna Yahi Hai,Lata Mangeshkar,4.67,https://www.youtube.com/watch?v=dD-Hpy5FOHA,https://music.youtube.com/watch?v=DD9W-3fy5Xo,https://music.youtube.com/watch?v=SjT-TiBfHz0,https://music.youtube.com/watch?v=PHCMyt3dWjE,dD-Hpy5FOHA,DD9W-3fy5Xo,SjT-TiBfHz0,PHCMyt3dWjE
5ca2d838-2a29-5bc4-965f-c5e4f90af863,20e86413-c5ce-597d-86bc-598c4049942d,3,Panna Ki Tamanna Hai Ke Heera Mujhe Mil Jaye,"Kishore Kumar, Lata Mangeshkar",4.75,https://www.youtube.com/watch?v=aa1lc1Hlkgo,https://music.youtube.com/watch?v=DgfnCJU6pvA,https://music.youtube.com/watch?v=g6RT1Sy8Tso,https://music.youtube.com/watch?v=9rx2IMm8pF8,aa1lc1Hlkgo,DgfnCJU6pvA,g6RT1Sy8Tso,9rx2IMm8pF8
6cc673ff-82d3-5d23-ba90-6e69d263ac42,abf22fbb-3d3d-5596-9fb4-b39f1565a483,4,Ab Ke Saawan Mein Jee Dare,"Lata Mangeshkar, Kishore Kumar",4.67,http://www.youtube.com/watch?v=gY4VacJ3ayc,https://music.youtube.com/watch?v=QjsRl4HSpr8,https://music.youtube.com/watch?v=mBgwzQ1XbJo,https://music.youtube.com/watch?v=gOugoif_Ho4,gY4VacJ3ayc,QjsRl4HSpr8,mBgwzQ1XbJo,gOugoif_Ho4
a388c6ae-8baa-570f-bea0-5ffc5218cf66,7809b715-9d3d-583e-a149-b16d93a7da1f,1,Kiska Rasta Dekhe Ae Dil Ae Saudai,Kishore Kumar,4.75,https://www.youtube.com/watch?v=WTPaes9Ofbc,https://music.youtube.com/watch?v=E0PBNCDACCU,https://music.youtube.com/watch?v=5f5VC1UVuGA,https://music.youtube.com/watch?v=T_Vuw9P9wHU,WTPaes9Ofbc,E0PBNCDACCU,5f5VC1UVuGA,T_Vuw9P9wHU
04ab3582-6e66-5059-a86c-c76b3937cd56,c468263b-ed4b-501f-8faa-4d46069072fa,1,Diye Jalte Hain Phool Khilte Hain,Kishore Kumar,4.6,http://www.youtube.com/watch?v=Ti5SNrWxftE,https://music.youtube.com/watch?v=km8f57AcDn0,https://music.youtube.com/watch?v=gNDYha89m1U,https://music.youtube.com/watch?v=AKbec7OoXi8,Ti5SNrWxftE,km8f57AcDn0,gNDYha89m1U,AKbec7OoXi8
2fa695ae-07ee-51a0-b6b0-da44fc065864,c468263b-ed4b-501f-8faa-4d46069072fa,3,Nadiya Se Dariya Dariya Se Saagar,Kishore Kumar,4.67,http://www.youtube.com/watch?v=SCnxSrknyhc,https://music.youtube.com/watch?v=6zoeazrWLaM,https://music.youtube.com/watch?v=K61wltgAzL8,https://music.youtube.com/watch?v=cOEpY_idxa0,SCnxSrknyhc,6zoeazrWLaM,K61wltgAzL8,cOEpY_idxa0
fb813acd-e905-542c-979e-2b16a7450eef,c468263b-ed4b-501f-8faa-4d46069072fa,5,Main Shayar Badnaam,Kishore Kumar,4.5,http://www.youtube.com/watch?v=PleWU2pdK-I,https://music.youtube.com/watch?v=rhz5MCD2r-Q,https://music.youtube.com/watch?v=PleWU2pdK-I,https://music.youtube.com/watch?v=n9-cwLMPCeo,PleWU2pdK-I,rhz5MCD2r-Q,PleWU2pdK-I,n9-cwLMPCeo
8e94a149-9796-5d76-b395-0b5ed6c9a7b2,f7be684d-7e76-5014-92ac-626ce55fa21e,4,Piya Sang Khelo Hori Phagun Aayo Ri,Lata Mangeshkar,4.5,https://www.youtube.com/watch?v=TzFIbPkoBKo,https://music.youtube.com/watch?v=4wZg5jzyIls,https://music.youtube.com/watch?v=TzFIbPkoBKo,https://music.youtube.com/watch?v=1RxW70YlkL8,TzFIbPkoBKo,4wZg5jzyIls,TzFIbPkoBKo,1RxW70YlkL8
e4133c60-e7c1-5dcc-bb80-1e51b15f7ca4,4308880b-bb8f-546b-8c01-73dd0c809b67,4,Chain Se Humko Kabhi Aapne Jeene Na Diya,Asha Bhosle,4.75,https://www.youtube.com/watch?v=DGS6EbpT_yI,https://music.youtube.com/watch?v=fNFlIbdwxcg,https://music.youtube.com/watch?v=DGS6EbpT_yI,https://music.youtube.com/watch?v=QxHmaESjsUc,DGS6EbpT_yI,fNFlIbdwxcg,DGS6EbpT_yI,QxHmaESjsUc
c1c76d62-b26e-5911-b11a-4e1cbf57dd8d,6a53d65a-fedc-5fb0-b41d-7216368564d8,4,Yeh Dil Aur Unki Nigaahon Ke Saaye,Lata Mangeshkar,4.67,http://www.youtube.com/watch?v=Qlzv9-SLkAM,https://music.youtube.com/watch?v=h9yHYu4_bis,https://music.youtube.com/watch?v=QeR3xkLp5do,https://music.youtube.com/watch?v=PwsTEwn5hKw,Qlzv9-SLkAM,h9yHYu4_bis,QeR3xkLp5do,PwsTEwn5hKw
7a1cb1e6-09c0-5d26-a232-464aa4797bb7,7ebe8e33-ae77-54fd-a66f-6da34bf8fc5b,2,Dil Kabhi Tumne Diya Tha Yeh Tumhen Yaad Rahe,Mohammed Rafi,4.5,https://www.youtube.com/watch?v=E6XUA2GAEjs,https://music.youtube.com/watch?v=Z85UlplIU9s,https://music.youtube.com/watch?v=3aKawVXmkNk,https://music.youtube.com/watch?v=ssqxuNz-yNg,E6XUA2GAEjs,Z85UlplIU9s,3aKawVXmkNk,ssqxuNz-yNg
11061f8e-7cb1-57d5-9497-5719152a6e3d,7ebe8e33-ae77-54fd-a66f-6da34bf8fc5b,4,So Jaa Sanam,Mohammed Rafi,5.0,https://www.youtube.com/watch?v=HuXjJcseEQg,https://music.youtube.com/watch?v=eX3Yq2CFbbA,https://music.youtube.com/watch?v=HuXjJcseEQg,https://music.youtube.com/watch?v=uEYgTqPjvZ0,HuXjJcseEQg,eX3Yq2CFbbA,HuXjJcseEQg,uEYgTqPjvZ0
e433eca4-a8bb-554f-a80f-b560db903197,69ba8270-6af7-5549-8f4a-3fe3114b054c,3,Sajna Hai Mujhe Sajna Ke Liye,Asha Bhosle,4.33,http://www.youtube.com/watch?v=TFnFwW5KZkY,https://music.youtube.com/watch?v=y7aZL9fMmr8,https://music.youtube.com/watch?v=zx9JN77ki3I,https://music.youtube.com/watch?v=75FC3YENgr4,TFnFwW5KZkY,y7aZL9fMmr8,zx9JN77ki3I,75FC3YENgr4
7bbc09e6-ff70-5f22-8832-f28de9d272b7,df6b566b-5ea2-5956-aa33-1daa73b30002,1,Le Kar Hum Deewana Dil,"Asha Bhosle, Kishore Kumar",4.75,https://www.youtube.com/watch?v=ziNjRhfhNr8,https://music.youtube.com/watch?v=tILNDH9l5NU,https://music.youtube.com/watch?v=D2cWAvaAnUI,https://music.youtube.com/watch?v=gK6Q2SmvYFs,ziNjRhfhNr8,tILNDH9l5NU,D2cWAvaAnUI,gK6Q2SmvYFs
3f4245e6-86fb-5782-ac5c-16484d59a930,df6b566b-5ea2-5956-aa33-1daa73b30002,3,O Meri Soni Meri Tamanna,"Asha Bhosle, Kishore Kumar",4.33,https://www.youtube.com/watch?v=5z9Qhf1-QG0,https://music.youtube.com/watch?v=0nYaI-6GoS0,https://music.youtube.com/watch?v=dawLuASljCw,https://music.youtube.com/watch?v=_MKPmn7YSMU,5z9Qhf1-QG0,0nYaI-6GoS0,dawLuASljCw,_MKPmn7YSMU
e0753dbd-9653-5cd3-9d8a-f9a73d47bf94,df6b566b-5ea2-5956-aa33-1daa73b30002,5,Chura Liya Hai Tumne Jo Dil Ko,"Asha Bhosle, Mohammed Rafi",4.71,https://www.youtube.com/watch?v=-KgeYnMFBAU,https://music.youtube.com/watch?v=WF0HJv-9S_4,https://music.youtube.com/watch?v=Gqv7n-lNfT0,https://music.youtube.com/watch?v=KT0NlItK86A,-KgeYnMFBAU,WF0HJv-9S_4,Gqv7n-lNfT0,KT0NlItK86A
6233a760-b9b1-5098-9144-9df6631ffca8,df6b566b-5ea2-5956-aa33-1daa73b30002,6,Yaadon Ki Baaraat Nikli Hai Aaj (Male),"Kishore Kumar, Mohammed Rafi",4.5,https://www.youtube.com/watch?v=HNPzPI6ATxs,https://music.youtube.com/watch?v=wPPQS4f6TpQ,https://music.youtube.com/watch?v=yBCeX27fh8I,https://music.youtube.com/watch?v=HNPzPI6ATxs,HNPzPI6ATxs,wPPQS4f6TpQ,yBCeX27fh8I,HNPzPI6ATxs
92b20cf6-c854-5e8c-b5ae-29b9213acdbc,0337bfcc-dfe9-5c95-a676-64cee522a41e,1,Ek Ajnabee Haseena Se,Kishore Kumar,4.5,https://www.youtube.com/watch?v=TAWME7RnZwQ,https://music.youtube.com/watch?v=7jZVZQl8Qfg,https://music.youtube.com/watch?v=fGtItAByCnQ,https://music.youtube.com/watch?v=HnCvH3hKXcQ,TAWME7RnZwQ,7jZVZQl8Qfg,fGtItAByCnQ,HnCvH3hKXcQ
50e2831a-0173-5ce3-a9a0-6a7add1e9e46,0337bfcc-dfe9-5c95-a676-64cee522a41e,2,Hum Dono Do Premi,"Kishore Kumar, Lata Mangeshkar",4.71,https://www.youtube.com/watch?v=s0K8mfWFfY8,https://music.youtube.com/watch?v=w23cWXef5Rc,https://music.youtube.com/watch?v=FQicICO5ZsA,https://music.youtube.com/watch?v=mgGZtSirY2w,s0K8mfWFfY8,w23cWXef5Rc,FQicICO5ZsA,mgGZtSirY2w
cef9193d-8d28-5ce2-8922-941943dd5f6e,0337bfcc-dfe9-5c95-a676-64cee522a41e,3,Bheegi Bheegi Raaton Mein,"Kishore Kumar, Lata Mangeshkar",4.4,https://www.youtube.com/watch?v=NkgLsX1Yeec,https://music.youtube.com/watch?v=co6LbX5iB1Y,https://music.youtube.com/watch?v=7X1ZP-NyOcs,,NkgLsX1Yeec,co6LbX5iB1Y,7X1ZP-NyOcs,
c09b3b95-8b0a-56ba-8df5-aa470a11be86,7d0c8f71-9820-5ecc-8a94-13ea2fabd38e,5,Maee Mhano Supnama Parnaare Deenanath,Lata Mangeshkar,4.5,https://www.youtube.com/watch?v=KjkuK6n9q9c,https://music.youtube.com/watch?v=KjkuK6n9q9c,https://music.youtube.com/watch?v=UWZ3N8qrd4A,https://music.youtube.com/watch?v=X3b1XQHwwXo,KjkuK6n9q9c,KjkuK6n9q9c,UWZ3N8qrd4A,X3b1XQHwwXo
de5439a4-6a7d-591c-968b-4f2583c7df0f,7d0c8f71-9820-5ecc-8a94-13ea2fabd38e,10,Ud Ja Re Kaaga,Lata Mangeshkar,4.67,https://www.youtube.com/watch?v=xaxs3g2vx6s,https://music.youtube.com/watch?v=8QOtese9dh8,https://music.youtube.com/watch?v=baPc0lfR7Gg,,xaxs3g2vx6s,8QOtese9dh8,baPc0lfR7Gg,
dc2c9104-212d-5149-a0fa-1d240c078a0d,7d0c8f71-9820-5ecc-8a94-13ea2fabd38e,15,Chala Vahi Des,Lata Mangeshkar,4.5,https://www.youtube.com/watch?v=t8sjIv_HZv4,https://music.youtube.com/watch?v=W8nVaoBPg_I,https://music.youtube.com/watch?v=m66szNYp7EE,https://music.youtube.com/watch?v=Tmxb51FFvRQ,t8sjIv_HZv4,W8nVaoBPg_I,m66szNYp7EE,Tmxb51FFvRQ
b66718eb-ba42-58a2-b68f-99c63c7e2567,54a7a084-3604-5815-829c-c519a9b2571c,3,Dekha Hai Zindagi Ko Kuch Itna Kareeb Se,Kishore Kumar,4.33,https://www.youtube.com/watch?v=TiVt_ZTyXrQ,https://music.youtube.com/watch?v=4ABSV349b9M,https://music.youtube.com/watch?v=4lEZD2KHU6s,https://music.youtube.com/watch?v=SjbNLU8AqjQ,TiVt_ZTyXrQ,4ABSV349b9M,4lEZD2KHU6s,SjbNLU8AqjQ
da5a648b-9426-56c9-af80-77a8c38906c6,805fa2c6-37fc-510c-8649-fa02622ef333,1,Waada Kar Le Saajna,"Lata Mangeshkar, Mohammed Rafi",4.75,https://www.youtube.com/watch?v=9nkADFXXL0s,https://music.youtube.com/watch?v=vF6sh-XXQM0,https://music.youtube.com/watch?v=MJwCemeeEu4,https://music.youtube.com/watch?v=GXy1mb4Egkg,9nkADFXXL0s,vF6sh-XXQM0,MJwCemeeEu4,GXy1mb4Egkg
b1cfe717-4a09-5195-81e0-0a7cea2a7549,805fa2c6-37fc-510c-8649-fa02622ef333,5,Tu Kya Jaane O Bewafa (Tu Kya Jane Wafa),Lata Mangeshkar,4.33,https://www.youtube.com/watch?v=4852SdnESN0,https://music.youtube.com/watch?v=FJazFaoTgRc,https://music.youtube.com/watch?v=4852SdnESN0,,4852SdnESN0,FJazFaoTgRc,4852SdnESN0,
694c88d7-04ca-53ec-87aa-fcc67efc6514,6fafe68f-ce3f-5472-be08-adac5a5befff,1,Ruk Jaana Nahin Tu Kahin Haar Ke - 1,Kishore Kumar,4.75,https://www.youtube.com/watch?v=upTiUx7-YiE,https://music.youtube.com/watch?v=exmp7Am4mKw,https://music.youtube.com/watch?v=dYffxhKRgoo,https://music.youtube.com/watch?v=bGZ3BfDfOvc,upTiUx7-YiE,exmp7Am4mKw,dYffxhKRgoo,bGZ3BfDfOvc
8e8b2686-4cac-5fdc-8607-9f4a1bca5340,4b875671-1d36-5b42-9d16-d426b8e1ce9a,1,Mera Jeevan Kora Kagaz,Kishore Kumar,4.8,http://www.youtube.com/watch?v=vmDWt1skq24,https://music.youtube.com/watch?v=51dI1CfIsJc,https://music.youtube.com/watch?v=5rt4voXJONM,https://music.youtube.com/watch?v=CFteM-pUQcw,vmDWt1skq24,51dI1CfIsJc,5rt4voXJONM,CFteM-pUQcw
17f800cc-a0b7-5077-866f-131ef0975695,4b875671-1d36-5b42-9d16-d426b8e1ce9a,3,Roothe Roothe Piya Manaoon Kaise,Lata Mangeshkar,4.5,https://www.youtube.com/watch?v=YwOnCwh6rmA,https://music.youtube.com/watch?v=WsSElKLcOds,https://music.youtube.com/watch?v=FHvTmg6EJ30,https://music.youtube.com/watch?v=GVohR-6w1rA,YwOnCwh6rmA,WsSElKLcOds,FHvTmg6EJ30,GVohR-6w1rA
a5d94561-d031-5c04-9e9c-cccca24d1665,33953f53-532a-5a8f-ad9c-5c78491f3734,4,Aaya Hoon Main Tujhko Le Jaaoonga,"Asha Bhosle, Kishore Kumar",4.33,https://www.youtube.com/watch?v=YxXb-uCKq_o,https://music.youtube.com/watch?v=sC_k4CPSUHU,https://music.youtube.com/watch?v=YxXb-uCKq_o,https://music.youtube.com/watch?v=Ottd2ab5Tdw,YxXb-uCKq_o,sC_k4CPSUHU,YxXb-uCKq_o,Ottd2ab5Tdw
78664671-57b6-51a0-9a38-b8a7a8389dcb,33953f53-532a-5a8f-ad9c-5c78491f3734,6,Chori Chori Solah Singaar Karoongi,Asha Bhosle,4.67,https://www.youtube.com/watch?v=DD4GlZwFlYs,https://music.youtube.com/watch?v=fzst9ftwqio,https://music.youtube.com/watch?v=8pxmIF2bpmI,https://music.youtube.com/watch?v=ig6hllHQms8,DD4GlZwFlYs,fzst9ftwqio,8pxmIF2bpmI,ig6hllHQms8
3f8f073d-b349-5194-88d3-886529a4b45d,98052b3e-22b3-5f4f-b41f-a412d53cc37d,1,Rajnigandha Phool Tumhare,Lata Mangeshkar,4.83,https://www.youtube.com/watch?v=_j5dRsWevdM,https://music.youtube.com/watch?v=ocZ97Psb_Gc,https://music.youtube.com/watch?v=STeiZEbnNvA,https://music.youtube.com/watch?v=XN8DuakaCBs,_j5dRsWevdM,ocZ97Psb_Gc,STeiZEbnNvA,XN8DuakaCBs
2bd48262-50ec-571a-aea3-a0d987e6280b,98052b3e-22b3-5f4f-b41f-a412d53cc37d,2,Kai Baar Yun Bhi Dekha Hai,Mukesh,4.71,https://www.youtube.com/watch?v=CPwbi-hfenI,https://music.youtube.com/watch?v=CPwbi-hfenI,https://music.youtube.com/watch?v=3XJNaLf2lAc,https://music.youtube.com/watch?v=F2gBJPsRaXY,CPwbi-hfenI,CPwbi-hfenI,3XJNaLf2lAc,F2gBJPsRaXY
4cc86d9d-fddc-5aaf-aa3e-38d65a67bf96,d990df6c-369c-5566-8780-219d57b1cd90,6,Tum Bhi Chalo Hum Bhi Chalen - Duet,"Kishore Kumar, Asha Bhosle",4.4,https://www.youtube.com/watch?v=8rMMnyMZ6cI,https://music.youtube.com/watch?v=-2rj0mFDGkE,https://music.youtube.com/watch?v=jHHN8JE9AAM,https://music.youtube.com/watch?v=KVxVkpHlf3U,8rMMnyMZ6cI,-2rj0mFDGkE,jHHN8JE9AAM,KVxVkpHlf3U
86d62c58-2ba4-5729-8dba-8408cc23d8d4,8875cdcd-f047-5926-a3a4-56799dc64f63,2,O Hansini Meri Hansini,Kishore Kumar,4.71,https://www.youtube.com/watch?v=iaLmf7L-B24,https://music.youtube.com/watch?v=7HOpJLxKB5o,https://music.youtube.com/watch?v=ydSeB5vJ8bs,,iaLmf7L-B24,7HOpJLxKB5o,ydSeB5vJ8bs,
